[{"model": "admin.logentry", "pk": 1, "fields": {"action_time": "2021-08-29T17:53:06.927Z", "user": 1, "content_type": 7, "object_id": "1", "object_repr": "PolyLine object (1)", "action_flag": 3, "change_message": ""}}, {"model": "admin.logentry", "pk": 2, "fields": {"action_time": "2021-08-29T17:59:56.405Z", "user": 1, "content_type": 7, "object_id": "2", "object_repr": "PolyLine object (2)", "action_flag": 3, "change_message": ""}}, {"model": "admin.logentry", "pk": 3, "fields": {"action_time": "2021-08-30T17:08:27.910Z", "user": 1, "content_type": 7, "object_id": "20", "object_repr": "PolyLine object (20)", "action_flag": 3, "change_message": ""}}, {"model": "admin.logentry", "pk": 4, "fields": {"action_time": "2021-08-30T17:08:27.913Z", "user": 1, "content_type": 7, "object_id": "19", "object_repr": "PolyLine object (19)", "action_flag": 3, "change_message": ""}}, {"model": "admin.logentry", "pk": 5, "fields": {"action_time": "2021-08-30T17:08:27.914Z", "user": 1, "content_type": 7, "object_id": "18", "object_repr": "PolyLine object (18)", "action_flag": 3, "change_message": ""}}, {"model": "admin.logentry", "pk": 6, "fields": {"action_time": "2021-08-30T17:08:27.915Z", "user": 1, "content_type": 7, "object_id": "17", "object_repr": "PolyLine object (17)", "action_flag": 3, "change_message": ""}}, {"model": "admin.logentry", "pk": 7, "fields": {"action_time": "2021-08-30T17:08:27.916Z", "user": 1, "content_type": 7, "object_id": "16", "object_repr": "PolyLine object (16)", "action_flag": 3, "change_message": ""}}, {"model": "admin.logentry", "pk": 8, "fields": {"action_time": "2021-08-30T17:08:27.917Z", "user": 1, "content_type": 7, "object_id": "15", "object_repr": "PolyLine object (15)", "action_flag": 3, "change_message": ""}}, {"model": "admin.logentry", "pk": 9, "fields": {"action_time": "2021-08-30T17:08:27.918Z", "user": 1, "content_type": 7, "object_id": "14", "object_repr": "PolyLine object (14)", "action_flag": 3, "change_message": ""}}, {"model": "admin.logentry", "pk": 10, "fields": {"action_time": "2021-08-30T17:08:27.919Z", "user": 1, "content_type": 7, "object_id": "13", "object_repr": "PolyLine object (13)", "action_flag": 3, "change_message": ""}}, {"model": "admin.logentry", "pk": 11, "fields": {"action_time": "2021-08-30T17:08:27.920Z", "user": 1, "content_type": 7, "object_id": "12", "object_repr": "PolyLine object (12)", "action_flag": 3, "change_message": ""}}, {"model": "admin.logentry", "pk": 12, "fields": {"action_time": "2021-08-30T17:08:27.921Z", "user": 1, "content_type": 7, "object_id": "11", "object_repr": "PolyLine object (11)", "action_flag": 3, "change_message": ""}}, {"model": "admin.logentry", "pk": 13, "fields": {"action_time": "2021-08-30T17:08:27.922Z", "user": 1, "content_type": 7, "object_id": "10", "object_repr": "PolyLine object (10)", "action_flag": 3, "change_message": ""}}, {"model": "admin.logentry", "pk": 14, "fields": {"action_time": "2021-08-30T17:08:27.923Z", "user": 1, "content_type": 7, "object_id": "9", "object_repr": "PolyLine object (9)", "action_flag": 3, "change_message": ""}}, {"model": "admin.logentry", "pk": 15, "fields": {"action_time": "2021-08-30T17:08:27.924Z", "user": 1, "content_type": 7, "object_id": "8", "object_repr": "PolyLine object (8)", "action_flag": 3, "change_message": ""}}, {"model": "admin.logentry", "pk": 16, "fields": {"action_time": "2021-08-30T17:08:27.924Z", "user": 1, "content_type": 7, "object_id": "7", "object_repr": "PolyLine object (7)", "action_flag": 3, "change_message": ""}}, {"model": "admin.logentry", "pk": 17, "fields": {"action_time": "2021-08-30T17:08:27.925Z", "user": 1, "content_type": 7, "object_id": "6", "object_repr": "PolyLine object (6)", "action_flag": 3, "change_message": ""}}, {"model": "admin.logentry", "pk": 18, "fields": {"action_time": "2021-08-30T17:08:27.926Z", "user": 1, "content_type": 7, "object_id": "5", "object_repr": "PolyLine object (5)", "action_flag": 3, "change_message": ""}}, {"model": "admin.logentry", "pk": 19, "fields": {"action_time": "2021-08-30T17:08:27.927Z", "user": 1, "content_type": 7, "object_id": "4", "object_repr": "PolyLine object (4)", "action_flag": 3, "change_message": ""}}, {"model": "admin.logentry", "pk": 20, "fields": {"action_time": "2021-08-30T17:08:27.928Z", "user": 1, "content_type": 7, "object_id": "3", "object_repr": "PolyLine object (3)", "action_flag": 3, "change_message": ""}}, {"model": "admin.logentry", "pk": 21, "fields": {"action_time": "2021-08-31T02:09:53.725Z", "user": 1, "content_type": 7, "object_id": "30", "object_repr": "PolyLine object (30)", "action_flag": 3, "change_message": ""}}, {"model": "admin.logentry", "pk": 22, "fields": {"action_time": "2021-08-31T02:09:53.728Z", "user": 1, "content_type": 7, "object_id": "29", "object_repr": "PolyLine object (29)", "action_flag": 3, "change_message": ""}}, {"model": "admin.logentry", "pk": 23, "fields": {"action_time": "2021-08-31T02:09:53.730Z", "user": 1, "content_type": 7, "object_id": "28", "object_repr": "PolyLine object (28)", "action_flag": 3, "change_message": ""}}, {"model": "admin.logentry", "pk": 24, "fields": {"action_time": "2021-08-31T02:09:53.732Z", "user": 1, "content_type": 7, "object_id": "27", "object_repr": "PolyLine object (27)", "action_flag": 3, "change_message": ""}}, {"model": "admin.logentry", "pk": 25, "fields": {"action_time": "2021-08-31T02:09:53.733Z", "user": 1, "content_type": 7, "object_id": "26", "object_repr": "PolyLine object (26)", "action_flag": 3, "change_message": ""}}, {"model": "admin.logentry", "pk": 26, "fields": {"action_time": "2021-08-31T02:09:53.734Z", "user": 1, "content_type": 7, "object_id": "25", "object_repr": "PolyLine object (25)", "action_flag": 3, "change_message": ""}}, {"model": "admin.logentry", "pk": 27, "fields": {"action_time": "2021-08-31T02:09:53.735Z", "user": 1, "content_type": 7, "object_id": "24", "object_repr": "PolyLine object (24)", "action_flag": 3, "change_message": ""}}, {"model": "admin.logentry", "pk": 28, "fields": {"action_time": "2021-08-31T02:09:53.736Z", "user": 1, "content_type": 7, "object_id": "23", "object_repr": "PolyLine object (23)", "action_flag": 3, "change_message": ""}}, {"model": "admin.logentry", "pk": 29, "fields": {"action_time": "2021-08-31T02:09:53.737Z", "user": 1, "content_type": 7, "object_id": "22", "object_repr": "PolyLine object (22)", "action_flag": 3, "change_message": ""}}, {"model": "admin.logentry", "pk": 30, "fields": {"action_time": "2021-08-31T02:09:53.739Z", "user": 1, "content_type": 7, "object_id": "21", "object_repr": "PolyLine object (21)", "action_flag": 3, "change_message": ""}}, {"model": "admin.logentry", "pk": 31, "fields": {"action_time": "2021-08-31T02:14:43.464Z", "user": 1, "content_type": 7, "object_id": "31", "object_repr": "PolyLine object (31)", "action_flag": 2, "change_message": "[{\"changed\": {\"fields\": [\"Color\"]}}]"}}, {"model": "admin.logentry", "pk": 32, "fields": {"action_time": "2021-08-31T02:14:50.537Z", "user": 1, "content_type": 7, "object_id": "32", "object_repr": "PolyLine object (32)", "action_flag": 2, "change_message": "[{\"changed\": {\"fields\": [\"Color\"]}}]"}}, {"model": "admin.logentry", "pk": 33, "fields": {"action_time": "2021-08-31T09:42:24.844Z", "user": 1, "content_type": 7, "object_id": "36", "object_repr": "PolyLine object (36)", "action_flag": 2, "change_message": "[{\"changed\": {\"fields\": [\"Color\"]}}]"}}, {"model": "admin.logentry", "pk": 34, "fields": {"action_time": "2021-08-31T09:42:49.573Z", "user": 1, "content_type": 7, "object_id": "36", "object_repr": "PolyLine object (36)", "action_flag": 2, "change_message": "[{\"changed\": {\"fields\": [\"Color\"]}}]"}}, {"model": "admin.logentry", "pk": 35, "fields": {"action_time": "2021-09-08T19:30:33.434Z", "user": 1, "content_type": 9, "object_id": "1", "object_repr": "Жол", "action_flag": 1, "change_message": "[{\"added\": {}}]"}}, {"model": "admin.logentry", "pk": 36, "fields": {"action_time": "2021-09-08T19:30:36.509Z", "user": 1, "content_type": 9, "object_id": "2", "object_repr": "Су", "action_flag": 1, "change_message": "[{\"added\": {}}]"}}, {"model": "admin.logentry", "pk": 37, "fields": {"action_time": "2021-09-08T19:30:41.086Z", "user": 1, "content_type": 9, "object_id": "3", "object_repr": "Құбыр", "action_flag": 1, "change_message": "[{\"added\": {}}]"}}, {"model": "admin.logentry", "pk": 38, "fields": {"action_time": "2021-09-08T19:32:08.022Z", "user": 1, "content_type": 7, "object_id": "40", "object_repr": "PolyLine object (40)", "action_flag": 2, "change_message": "[{\"changed\": {\"fields\": [\"TypeMarker\"]}}]"}}, {"model": "admin.logentry", "pk": 39, "fields": {"action_time": "2021-09-08T19:38:03.269Z", "user": 1, "content_type": 7, "object_id": "42", "object_repr": "PolyLine object (42)", "action_flag": 3, "change_message": ""}}, {"model": "admin.logentry", "pk": 40, "fields": {"action_time": "2021-09-08T19:38:03.273Z", "user": 1, "content_type": 7, "object_id": "41", "object_repr": "PolyLine object (41)", "action_flag": 3, "change_message": ""}}, {"model": "admin.logentry", "pk": 41, "fields": {"action_time": "2021-09-08T19:38:03.274Z", "user": 1, "content_type": 7, "object_id": "40", "object_repr": "PolyLine object (40)", "action_flag": 3, "change_message": ""}}, {"model": "admin.logentry", "pk": 42, "fields": {"action_time": "2021-09-08T19:38:03.275Z", "user": 1, "content_type": 7, "object_id": "39", "object_repr": "PolyLine object (39)", "action_flag": 3, "change_message": ""}}, {"model": "admin.logentry", "pk": 43, "fields": {"action_time": "2021-09-08T19:38:03.277Z", "user": 1, "content_type": 7, "object_id": "38", "object_repr": "PolyLine object (38)", "action_flag": 3, "change_message": ""}}, {"model": "admin.logentry", "pk": 44, "fields": {"action_time": "2021-09-08T19:38:03.278Z", "user": 1, "content_type": 7, "object_id": "37", "object_repr": "PolyLine object (37)", "action_flag": 3, "change_message": ""}}, {"model": "admin.logentry", "pk": 45, "fields": {"action_time": "2021-09-08T19:38:03.279Z", "user": 1, "content_type": 7, "object_id": "36", "object_repr": "PolyLine object (36)", "action_flag": 3, "change_message": ""}}, {"model": "admin.logentry", "pk": 46, "fields": {"action_time": "2021-09-08T19:38:03.280Z", "user": 1, "content_type": 7, "object_id": "35", "object_repr": "PolyLine object (35)", "action_flag": 3, "change_message": ""}}, {"model": "admin.logentry", "pk": 47, "fields": {"action_time": "2021-09-08T19:38:03.281Z", "user": 1, "content_type": 7, "object_id": "34", "object_repr": "PolyLine object (34)", "action_flag": 3, "change_message": ""}}, {"model": "admin.logentry", "pk": 48, "fields": {"action_time": "2021-09-08T19:38:03.282Z", "user": 1, "content_type": 7, "object_id": "33", "object_repr": "PolyLine object (33)", "action_flag": 3, "change_message": ""}}, {"model": "admin.logentry", "pk": 49, "fields": {"action_time": "2021-09-08T19:38:03.283Z", "user": 1, "content_type": 7, "object_id": "32", "object_repr": "PolyLine object (32)", "action_flag": 3, "change_message": ""}}, {"model": "admin.logentry", "pk": 50, "fields": {"action_time": "2021-09-08T19:38:03.284Z", "user": 1, "content_type": 7, "object_id": "31", "object_repr": "PolyLine object (31)", "action_flag": 3, "change_message": ""}}, {"model": "admin.logentry", "pk": 51, "fields": {"action_time": "2021-09-08T20:10:17.685Z", "user": 1, "content_type": 7, "object_id": "51", "object_repr": "PolyLine object (51)", "action_flag": 2, "change_message": "[{\"changed\": {\"fields\": [\"Color\"]}}]"}}, {"model": "admin.logentry", "pk": 52, "fields": {"action_time": "2021-09-08T20:10:47.971Z", "user": 1, "content_type": 7, "object_id": "51", "object_repr": "PolyLine object (51)", "action_flag": 2, "change_message": "[{\"changed\": {\"fields\": [\"Color\"]}}]"}}, {"model": "admin.logentry", "pk": 53, "fields": {"action_time": "2021-09-08T20:10:52.144Z", "user": 1, "content_type": 7, "object_id": "50", "object_repr": "PolyLine object (50)", "action_flag": 2, "change_message": "[{\"changed\": {\"fields\": [\"Color\"]}}]"}}, {"model": "admin.logentry", "pk": 54, "fields": {"action_time": "2021-09-08T20:10:54.984Z", "user": 1, "content_type": 7, "object_id": "49", "object_repr": "PolyLine object (49)", "action_flag": 2, "change_message": "[{\"changed\": {\"fields\": [\"Color\"]}}]"}}, {"model": "admin.logentry", "pk": 55, "fields": {"action_time": "2021-09-08T20:10:57.739Z", "user": 1, "content_type": 7, "object_id": "48", "object_repr": "PolyLine object (48)", "action_flag": 2, "change_message": "[{\"changed\": {\"fields\": [\"Color\"]}}]"}}, {"model": "admin.logentry", "pk": 56, "fields": {"action_time": "2021-09-08T20:11:00.779Z", "user": 1, "content_type": 7, "object_id": "47", "object_repr": "PolyLine object (47)", "action_flag": 2, "change_message": "[{\"changed\": {\"fields\": [\"Color\"]}}]"}}, {"model": "admin.logentry", "pk": 57, "fields": {"action_time": "2021-09-08T20:11:03.335Z", "user": 1, "content_type": 7, "object_id": "46", "object_repr": "PolyLine object (46)", "action_flag": 2, "change_message": "[{\"changed\": {\"fields\": [\"Color\"]}}]"}}, {"model": "admin.logentry", "pk": 58, "fields": {"action_time": "2021-09-08T20:11:06.009Z", "user": 1, "content_type": 7, "object_id": "45", "object_repr": "PolyLine object (45)", "action_flag": 2, "change_message": "[{\"changed\": {\"fields\": [\"Color\"]}}]"}}, {"model": "admin.logentry", "pk": 59, "fields": {"action_time": "2021-09-08T20:11:08.715Z", "user": 1, "content_type": 7, "object_id": "44", "object_repr": "PolyLine object (44)", "action_flag": 2, "change_message": "[{\"changed\": {\"fields\": [\"Color\"]}}]"}}, {"model": "admin.logentry", "pk": 60, "fields": {"action_time": "2021-09-08T20:11:12.858Z", "user": 1, "content_type": 7, "object_id": "44", "object_repr": "PolyLine object (44)", "action_flag": 2, "change_message": "[]"}}, {"model": "admin.logentry", "pk": 61, "fields": {"action_time": "2021-09-08T20:11:15.406Z", "user": 1, "content_type": 7, "object_id": "43", "object_repr": "PolyLine object (43)", "action_flag": 2, "change_message": "[{\"changed\": {\"fields\": [\"Color\"]}}]"}}, {"model": "admin.logentry", "pk": 62, "fields": {"action_time": "2021-09-08T20:27:44.443Z", "user": 1, "content_type": 7, "object_id": "52", "object_repr": "PolyLine object (52)", "action_flag": 2, "change_message": "[{\"changed\": {\"fields\": [\"Color\"]}}]"}}, {"model": "admin.logentry", "pk": 63, "fields": {"action_time": "2021-09-08T20:27:51.239Z", "user": 1, "content_type": 7, "object_id": "53", "object_repr": "PolyLine object (53)", "action_flag": 2, "change_message": "[{\"changed\": {\"fields\": [\"Color\"]}}]"}}, {"model": "admin.logentry", "pk": 64, "fields": {"action_time": "2021-09-08T20:27:54.668Z", "user": 1, "content_type": 7, "object_id": "54", "object_repr": "PolyLine object (54)", "action_flag": 2, "change_message": "[{\"changed\": {\"fields\": [\"Color\"]}}]"}}, {"model": "admin.logentry", "pk": 65, "fields": {"action_time": "2021-09-08T20:27:57.591Z", "user": 1, "content_type": 7, "object_id": "55", "object_repr": "PolyLine object (55)", "action_flag": 2, "change_message": "[{\"changed\": {\"fields\": [\"Color\"]}}]"}}, {"model": "admin.logentry", "pk": 66, "fields": {"action_time": "2021-09-08T20:28:00.536Z", "user": 1, "content_type": 7, "object_id": "56", "object_repr": "PolyLine object (56)", "action_flag": 2, "change_message": "[{\"changed\": {\"fields\": [\"Color\"]}}]"}}, {"model": "admin.logentry", "pk": 67, "fields": {"action_time": "2021-09-08T20:28:23.523Z", "user": 1, "content_type": 7, "object_id": "56", "object_repr": "PolyLine object (56)", "action_flag": 2, "change_message": "[{\"changed\": {\"fields\": [\"Color\"]}}]"}}, {"model": "admin.logentry", "pk": 68, "fields": {"action_time": "2021-09-08T20:28:26.950Z", "user": 1, "content_type": 7, "object_id": "55", "object_repr": "PolyLine object (55)", "action_flag": 2, "change_message": "[{\"changed\": {\"fields\": [\"Color\"]}}]"}}, {"model": "admin.logentry", "pk": 69, "fields": {"action_time": "2021-09-08T20:28:30.559Z", "user": 1, "content_type": 7, "object_id": "54", "object_repr": "PolyLine object (54)", "action_flag": 2, "change_message": "[{\"changed\": {\"fields\": [\"Color\"]}}]"}}, {"model": "admin.logentry", "pk": 70, "fields": {"action_time": "2021-09-08T20:28:33.607Z", "user": 1, "content_type": 7, "object_id": "54", "object_repr": "PolyLine object (54)", "action_flag": 2, "change_message": "[]"}}, {"model": "admin.logentry", "pk": 71, "fields": {"action_time": "2021-09-08T20:28:36.708Z", "user": 1, "content_type": 7, "object_id": "53", "object_repr": "PolyLine object (53)", "action_flag": 2, "change_message": "[{\"changed\": {\"fields\": [\"Color\"]}}]"}}, {"model": "admin.logentry", "pk": 72, "fields": {"action_time": "2021-09-08T20:28:40.718Z", "user": 1, "content_type": 7, "object_id": "52", "object_repr": "PolyLine object (52)", "action_flag": 2, "change_message": "[{\"changed\": {\"fields\": [\"Color\"]}}]"}}, {"model": "admin.logentry", "pk": 73, "fields": {"action_time": "2021-09-10T04:28:08.355Z", "user": 1, "content_type": 7, "object_id": "47", "object_repr": "PolyLine object (47)", "action_flag": 2, "change_message": "[{\"changed\": {\"fields\": [\"Color\"]}}]"}}, {"model": "admin.logentry", "pk": 74, "fields": {"action_time": "2021-10-08T10:32:42.816Z", "user": 1, "content_type": 7, "object_id": "58", "object_repr": "PolyLine object (58)", "action_flag": 3, "change_message": ""}}, {"model": "admin.logentry", "pk": 75, "fields": {"action_time": "2021-10-08T11:46:35.757Z", "user": 1, "content_type": 9, "object_id": "4", "object_repr": "Газ", "action_flag": 1, "change_message": "[{\"added\": {}}]"}}, {"model": "admin.logentry", "pk": 76, "fields": {"action_time": "2021-11-11T07:12:36.566Z", "user": 1, "content_type": 13, "object_id": "1", "object_repr": "Алатау", "action_flag": 1, "change_message": "[{\"added\": {}}]"}}, {"model": "admin.logentry", "pk": 77, "fields": {"action_time": "2021-11-11T07:12:38.096Z", "user": 1, "content_type": 13, "object_id": "2", "object_repr": "Аққұм", "action_flag": 1, "change_message": "[{\"added\": {}}]"}}, {"model": "admin.logentry", "pk": 78, "fields": {"action_time": "2021-11-11T07:12:44.700Z", "user": 1, "content_type": 13, "object_id": "3", "object_repr": "Бірінші мамыр", "action_flag": 1, "change_message": "[{\"added\": {}}]"}}, {"model": "admin.logentry", "pk": 79, "fields": {"action_time": "2021-11-11T07:12:50.746Z", "user": 1, "content_type": 13, "object_id": "4", "object_repr": "Жоғарғы Ақсу", "action_flag": 1, "change_message": "[{\"added\": {}}]"}}, {"model": "admin.logentry", "pk": 80, "fields": {"action_time": "2021-11-11T07:12:55.983Z", "user": 1, "content_type": 13, "object_id": "5", "object_repr": "Зертас", "action_flag": 1, "change_message": "[{\"added\": {}}]"}}, {"model": "admin.logentry", "pk": 81, "fields": {"action_time": "2021-11-11T07:13:00.850Z", "user": 1, "content_type": 13, "object_id": "6", "object_repr": "Кемеқалған", "action_flag": 1, "change_message": "[{\"added\": {}}]"}}, {"model": "admin.logentry", "pk": 82, "fields": {"action_time": "2021-11-11T07:13:06.243Z", "user": 1, "content_type": 13, "object_id": "7", "object_repr": "Киелітас", "action_flag": 1, "change_message": "[{\"added\": {}}]"}}, {"model": "admin.logentry", "pk": 83, "fields": {"action_time": "2021-11-11T07:13:09.473Z", "user": 1, "content_type": 13, "object_id": "8", "object_repr": "Көксәйек", "action_flag": 1, "change_message": "[{\"added\": {}}]"}}, {"model": "admin.logentry", "pk": 84, "fields": {"action_time": "2021-11-11T07:13:12.983Z", "user": 1, "content_type": 13, "object_id": "9", "object_repr": "Қаратөбе", "action_flag": 1, "change_message": "[{\"added\": {}}]"}}, {"model": "admin.logentry", "pk": 85, "fields": {"action_time": "2021-11-11T07:13:16.267Z", "user": 1, "content_type": 13, "object_id": "10", "object_repr": "Қасқасу", "action_flag": 1, "change_message": "[{\"added\": {}}]"}}, {"model": "admin.logentry", "pk": 86, "fields": {"action_time": "2021-11-11T07:13:19.433Z", "user": 1, "content_type": 13, "object_id": "11", "object_repr": "Қоғалы", "action_flag": 1, "change_message": "[{\"added\": {}}]"}}, {"model": "admin.logentry", "pk": 87, "fields": {"action_time": "2021-11-11T07:13:26.681Z", "user": 1, "content_type": 13, "object_id": "12", "object_repr": "Ленгер", "action_flag": 1, "change_message": "[{\"added\": {}}]"}}, {"model": "admin.logentry", "pk": 88, "fields": {"action_time": "2021-11-11T07:13:29.914Z", "user": 1, "content_type": 13, "object_id": "13", "object_repr": "Тасарық", "action_flag": 1, "change_message": "[{\"added\": {}}]"}}, {"model": "admin.logentry", "pk": 89, "fields": {"action_time": "2021-11-11T07:13:51.983Z", "user": 1, "content_type": 12, "object_id": "1", "object_repr": "100", "action_flag": 1, "change_message": "[{\"added\": {}}]"}}, {"model": "admin.logentry", "pk": 90, "fields": {"action_time": "2021-11-11T07:13:54.398Z", "user": 1, "content_type": 12, "object_id": "2", "object_repr": "63", "action_flag": 1, "change_message": "[{\"added\": {}}]"}}, {"model": "admin.logentry", "pk": 91, "fields": {"action_time": "2021-11-11T07:13:59.048Z", "user": 1, "content_type": 12, "object_id": "3", "object_repr": "32", "action_flag": 1, "change_message": "[{\"added\": {}}]"}}, {"model": "admin.logentry", "pk": 92, "fields": {"action_time": "2021-11-11T07:14:33.102Z", "user": 1, "content_type": 11, "object_id": "1", "object_repr": "Жаңа ұйым", "action_flag": 1, "change_message": "[{\"added\": {}}]"}}, {"model": "admin.logentry", "pk": 93, "fields": {"action_time": "2021-11-11T07:14:41.881Z", "user": 1, "content_type": 11, "object_id": "2", "object_repr": "Аққұм", "action_flag": 1, "change_message": "[{\"added\": {}}]"}}, {"model": "admin.logentry", "pk": 94, "fields": {"action_time": "2021-11-11T07:14:50.711Z", "user": 1, "content_type": 11, "object_id": "3", "object_repr": "Момынай", "action_flag": 1, "change_message": "[{\"added\": {}}]"}}, {"model": "admin.logentry", "pk": 95, "fields": {"action_time": "2021-11-11T07:16:56.306Z", "user": 1, "content_type": 10, "object_id": "1", "object_repr": "Су бойынша Аққұм елді мекенінің информациясы", "action_flag": 1, "change_message": "[{\"added\": {}}]"}}, {"model": "admin.logentry", "pk": 96, "fields": {"action_time": "2021-11-11T07:17:26.279Z", "user": 1, "content_type": 10, "object_id": "2", "object_repr": "Су бойынша Жаңа ұйым елді мекенінің информациясы", "action_flag": 1, "change_message": "[{\"added\": {}}]"}}, {"model": "admin.logentry", "pk": 97, "fields": {"action_time": "2021-11-12T10:56:50.304Z", "user": 1, "content_type": 13, "object_id": "2", "object_repr": "Аққұм", "action_flag": 2, "change_message": "[{\"changed\": {\"fields\": [\"\\u0424\\u043e\\u0442\\u043e\"]}}]"}}, {"model": "admin.logentry", "pk": 98, "fields": {"action_time": "2021-11-12T11:00:25.475Z", "user": 1, "content_type": 13, "object_id": "2", "object_repr": "Аққұм", "action_flag": 2, "change_message": "[{\"changed\": {\"fields\": [\"\\u0424\\u043e\\u0442\\u043e\"]}}]"}}, {"model": "admin.logentry", "pk": 99, "fields": {"action_time": "2021-11-12T12:20:44.312Z", "user": 1, "content_type": 13, "object_id": "1", "object_repr": "Алатау", "action_flag": 2, "change_message": "[{\"changed\": {\"fields\": [\"\\u0424\\u043e\\u0442\\u043e\"]}}]"}}, {"model": "admin.logentry", "pk": 100, "fields": {"action_time": "2021-11-12T12:20:48.488Z", "user": 1, "content_type": 13, "object_id": "13", "object_repr": "Тасарық", "action_flag": 2, "change_message": "[{\"changed\": {\"fields\": [\"\\u0424\\u043e\\u0442\\u043e\"]}}]"}}, {"model": "admin.logentry", "pk": 101, "fields": {"action_time": "2021-11-12T12:20:53.402Z", "user": 1, "content_type": 13, "object_id": "11", "object_repr": "Қоғалы", "action_flag": 2, "change_message": "[{\"changed\": {\"fields\": [\"\\u0424\\u043e\\u0442\\u043e\"]}}]"}}, {"model": "admin.logentry", "pk": 102, "fields": {"action_time": "2021-11-12T12:20:57.582Z", "user": 1, "content_type": 13, "object_id": "10", "object_repr": "Қасқасу", "action_flag": 2, "change_message": "[{\"changed\": {\"fields\": [\"\\u0424\\u043e\\u0442\\u043e\"]}}]"}}, {"model": "admin.logentry", "pk": 103, "fields": {"action_time": "2021-11-12T12:21:01.839Z", "user": 1, "content_type": 13, "object_id": "9", "object_repr": "Қаратөбе", "action_flag": 2, "change_message": "[{\"changed\": {\"fields\": [\"\\u0424\\u043e\\u0442\\u043e\"]}}]"}}, {"model": "admin.logentry", "pk": 104, "fields": {"action_time": "2021-11-12T12:21:06.288Z", "user": 1, "content_type": 13, "object_id": "8", "object_repr": "Көксәйек", "action_flag": 2, "change_message": "[{\"changed\": {\"fields\": [\"\\u0424\\u043e\\u0442\\u043e\"]}}]"}}, {"model": "admin.logentry", "pk": 105, "fields": {"action_time": "2021-11-12T12:21:10.899Z", "user": 1, "content_type": 13, "object_id": "8", "object_repr": "Көксәйек", "action_flag": 2, "change_message": "[]"}}, {"model": "admin.logentry", "pk": 106, "fields": {"action_time": "2021-11-12T12:21:15.264Z", "user": 1, "content_type": 13, "object_id": "7", "object_repr": "Киелітас", "action_flag": 2, "change_message": "[{\"changed\": {\"fields\": [\"\\u0424\\u043e\\u0442\\u043e\"]}}]"}}, {"model": "admin.logentry", "pk": 107, "fields": {"action_time": "2021-11-12T12:21:19.768Z", "user": 1, "content_type": 13, "object_id": "6", "object_repr": "Кемеқалған", "action_flag": 2, "change_message": "[{\"changed\": {\"fields\": [\"\\u0424\\u043e\\u0442\\u043e\"]}}]"}}, {"model": "admin.logentry", "pk": 108, "fields": {"action_time": "2021-11-12T12:21:25.882Z", "user": 1, "content_type": 13, "object_id": "5", "object_repr": "Зертас", "action_flag": 2, "change_message": "[{\"changed\": {\"fields\": [\"\\u0424\\u043e\\u0442\\u043e\"]}}]"}}, {"model": "admin.logentry", "pk": 109, "fields": {"action_time": "2021-11-12T12:21:29.416Z", "user": 1, "content_type": 13, "object_id": "6", "object_repr": "Кемеқалған", "action_flag": 2, "change_message": "[]"}}, {"model": "admin.logentry", "pk": 110, "fields": {"action_time": "2021-11-12T12:21:32.564Z", "user": 1, "content_type": 13, "object_id": "5", "object_repr": "Зертас", "action_flag": 2, "change_message": "[]"}}, {"model": "admin.logentry", "pk": 111, "fields": {"action_time": "2021-11-12T12:21:36.553Z", "user": 1, "content_type": 13, "object_id": "4", "object_repr": "Жоғарғы Ақсу", "action_flag": 2, "change_message": "[{\"changed\": {\"fields\": [\"\\u0424\\u043e\\u0442\\u043e\"]}}]"}}, {"model": "admin.logentry", "pk": 112, "fields": {"action_time": "2021-11-12T12:21:41.055Z", "user": 1, "content_type": 13, "object_id": "3", "object_repr": "Бірінші мамыр", "action_flag": 2, "change_message": "[{\"changed\": {\"fields\": [\"\\u0424\\u043e\\u0442\\u043e\"]}}]"}}, {"model": "admin.logentry", "pk": 113, "fields": {"action_time": "2021-11-12T12:50:05.206Z", "user": 1, "content_type": 13, "object_id": "12", "object_repr": "Ленгер", "action_flag": 2, "change_message": "[{\"changed\": {\"fields\": [\"\\u0424\\u043e\\u0442\\u043e\"]}}]"}}, {"model": "admin.logentry", "pk": 114, "fields": {"action_time": "2021-11-12T12:51:12.498Z", "user": 1, "content_type": 13, "object_id": "11", "object_repr": "Қоғалы", "action_flag": 2, "change_message": "[{\"changed\": {\"fields\": [\"\\u0424\\u043e\\u0442\\u043e\"]}}]"}}, {"model": "admin.logentry", "pk": 115, "fields": {"action_time": "2021-11-12T12:52:41.031Z", "user": 1, "content_type": 13, "object_id": "13", "object_repr": "Тасарық", "action_flag": 2, "change_message": "[{\"changed\": {\"fields\": [\"\\u041b\\u0430\\u0442\", \"\\u041b\\u0430\\u0442\"]}}]"}}, {"model": "admin.logentry", "pk": 116, "fields": {"action_time": "2021-11-12T12:52:44.052Z", "user": 1, "content_type": 13, "object_id": "12", "object_repr": "Ленгер", "action_flag": 2, "change_message": "[]"}}, {"model": "admin.logentry", "pk": 117, "fields": {"action_time": "2021-11-12T12:53:14.422Z", "user": 1, "content_type": 13, "object_id": "9", "object_repr": "Қаратөбе", "action_flag": 2, "change_message": "[{\"changed\": {\"fields\": [\"\\u0424\\u043e\\u0442\\u043e\"]}}]"}}, {"model": "admin.logentry", "pk": 118, "fields": {"action_time": "2021-11-12T12:53:14.736Z", "user": 1, "content_type": 13, "object_id": "12", "object_repr": "Ленгер", "action_flag": 2, "change_message": "[{\"changed\": {\"fields\": [\"\\u041b\\u0430\\u0442\", \"\\u041b\\u0430\\u0442\"]}}]"}}, {"model": "admin.logentry", "pk": 119, "fields": {"action_time": "2021-11-12T13:01:00.201Z", "user": 1, "content_type": 13, "object_id": "11", "object_repr": "Қоғалы", "action_flag": 2, "change_message": "[{\"changed\": {\"fields\": [\"\\u041b\\u0430\\u0442\", \"\\u041b\\u0430\\u0442\"]}}]"}}, {"model": "admin.logentry", "pk": 120, "fields": {"action_time": "2021-11-12T13:01:48.303Z", "user": 1, "content_type": 13, "object_id": "10", "object_repr": "Қасқасу", "action_flag": 2, "change_message": "[{\"changed\": {\"fields\": [\"\\u041b\\u0430\\u0442\", \"\\u041b\\u0430\\u0442\"]}}]"}}, {"model": "admin.logentry", "pk": 121, "fields": {"action_time": "2021-11-12T13:02:23.411Z", "user": 1, "content_type": 13, "object_id": "9", "object_repr": "Қаратөбе", "action_flag": 2, "change_message": "[{\"changed\": {\"fields\": [\"\\u041b\\u0430\\u0442\", \"\\u041b\\u0430\\u0442\"]}}]"}}, {"model": "admin.logentry", "pk": 122, "fields": {"action_time": "2021-11-12T13:02:41.337Z", "user": 1, "content_type": 13, "object_id": "8", "object_repr": "Көксәйек", "action_flag": 2, "change_message": "[{\"changed\": {\"fields\": [\"\\u041b\\u0430\\u0442\", \"\\u041b\\u0430\\u0442\"]}}]"}}, {"model": "admin.logentry", "pk": 123, "fields": {"action_time": "2021-11-12T13:03:52.073Z", "user": 1, "content_type": 13, "object_id": "7", "object_repr": "Киелітас", "action_flag": 2, "change_message": "[{\"changed\": {\"fields\": [\"\\u041b\\u0430\\u0442\", \"\\u041b\\u0430\\u0442\"]}}]"}}, {"model": "admin.logentry", "pk": 124, "fields": {"action_time": "2021-11-12T13:04:19.032Z", "user": 1, "content_type": 13, "object_id": "6", "object_repr": "Кемеқалған", "action_flag": 2, "change_message": "[{\"changed\": {\"fields\": [\"\\u041b\\u0430\\u0442\", \"\\u041b\\u0430\\u0442\"]}}]"}}, {"model": "admin.logentry", "pk": 125, "fields": {"action_time": "2021-11-12T13:04:40.826Z", "user": 1, "content_type": 13, "object_id": "5", "object_repr": "Зертас", "action_flag": 2, "change_message": "[{\"changed\": {\"fields\": [\"\\u041b\\u0430\\u0442\", \"\\u041b\\u0430\\u0442\"]}}]"}}, {"model": "admin.logentry", "pk": 126, "fields": {"action_time": "2021-11-12T13:04:58.558Z", "user": 1, "content_type": 13, "object_id": "4", "object_repr": "Жоғарғы Ақсу", "action_flag": 2, "change_message": "[{\"changed\": {\"fields\": [\"\\u041b\\u0430\\u0442\", \"\\u041b\\u0430\\u0442\"]}}]"}}, {"model": "admin.logentry", "pk": 127, "fields": {"action_time": "2021-11-12T13:05:28.884Z", "user": 1, "content_type": 13, "object_id": "3", "object_repr": "Бірінші мамыр", "action_flag": 2, "change_message": "[{\"changed\": {\"fields\": [\"\\u041b\\u0430\\u0442\", \"\\u041b\\u0430\\u0442\"]}}]"}}, {"model": "admin.logentry", "pk": 128, "fields": {"action_time": "2021-11-12T13:05:50.582Z", "user": 1, "content_type": 13, "object_id": "1", "object_repr": "Алатау", "action_flag": 2, "change_message": "[{\"changed\": {\"fields\": [\"\\u041b\\u0430\\u0442\", \"\\u041b\\u0430\\u0442\"]}}]"}}, {"model": "admin.logentry", "pk": 129, "fields": {"action_time": "2021-11-12T17:02:20.007Z", "user": 1, "content_type": 11, "object_id": "3", "object_repr": "Момынай", "action_flag": 2, "change_message": "[{\"changed\": {\"fields\": [\"\\u0424\\u043e\\u0442\\u043e\"]}}]"}}, {"model": "admin.logentry", "pk": 130, "fields": {"action_time": "2021-11-12T17:02:24.507Z", "user": 1, "content_type": 11, "object_id": "2", "object_repr": "Аққұм", "action_flag": 2, "change_message": "[{\"changed\": {\"fields\": [\"\\u0424\\u043e\\u0442\\u043e\"]}}]"}}, {"model": "admin.logentry", "pk": 131, "fields": {"action_time": "2021-11-12T17:02:29.008Z", "user": 1, "content_type": 11, "object_id": "1", "object_repr": "Жаңа ұйым", "action_flag": 2, "change_message": "[{\"changed\": {\"fields\": [\"\\u0424\\u043e\\u0442\\u043e\"]}}]"}}, {"model": "admin.logentry", "pk": 132, "fields": {"action_time": "2021-11-12T20:06:03.672Z", "user": 1, "content_type": 14, "object_id": "1", "object_repr": "PolyLineRoad object (1)", "action_flag": 1, "change_message": "[{\"added\": {}}]"}}, {"model": "admin.logentry", "pk": 133, "fields": {"action_time": "2021-11-12T20:08:12.958Z", "user": 1, "content_type": 14, "object_id": "2", "object_repr": "PolyLineRoad object (2)", "action_flag": 1, "change_message": "[{\"added\": {}}]"}}, {"model": "admin.logentry", "pk": 134, "fields": {"action_time": "2021-11-12T20:11:15.924Z", "user": 1, "content_type": 7, "object_id": "47", "object_repr": "Алтынтобе Type: Жол", "action_flag": 2, "change_message": "[{\"changed\": {\"fields\": [\"Name\"]}}]"}}, {"model": "admin.logentry", "pk": 135, "fields": {"action_time": "2021-11-12T20:11:56.135Z", "user": 1, "content_type": 7, "object_id": "43", "object_repr": "Әлі ата Type: Жол", "action_flag": 2, "change_message": "[{\"changed\": {\"fields\": [\"Name\"]}}]"}}, {"model": "admin.logentry", "pk": 136, "fields": {"action_time": "2021-11-12T20:14:50.230Z", "user": 1, "content_type": 7, "object_id": "50", "object_repr": "Жалгыз Агаш Type: Жол", "action_flag": 3, "change_message": ""}}, {"model": "admin.logentry", "pk": 137, "fields": {"action_time": "2021-11-12T20:16:33.311Z", "user": 1, "content_type": 14, "object_id": "3", "object_repr": "PolyLineRoad object (3)", "action_flag": 1, "change_message": "[{\"added\": {}}]"}}, {"model": "admin.logentry", "pk": 138, "fields": {"action_time": "2021-11-12T20:17:18.447Z", "user": 1, "content_type": 14, "object_id": "4", "object_repr": "PolyLineRoad object (4)", "action_flag": 1, "change_message": "[{\"added\": {}}]"}}, {"model": "admin.logentry", "pk": 139, "fields": {"action_time": "2021-11-12T20:18:02.962Z", "user": 1, "content_type": 14, "object_id": "5", "object_repr": "PolyLineRoad object (5)", "action_flag": 1, "change_message": "[{\"added\": {}}]"}}, {"model": "admin.logentry", "pk": 140, "fields": {"action_time": "2021-11-12T20:18:51.440Z", "user": 1, "content_type": 14, "object_id": "6", "object_repr": "PolyLineRoad object (6)", "action_flag": 1, "change_message": "[{\"added\": {}}]"}}, {"model": "admin.logentry", "pk": 141, "fields": {"action_time": "2021-11-12T20:19:43.230Z", "user": 1, "content_type": 14, "object_id": "7", "object_repr": "PolyLineRoad object (7)", "action_flag": 1, "change_message": "[{\"added\": {}}]"}}, {"model": "admin.logentry", "pk": 142, "fields": {"action_time": "2021-11-12T20:20:34.721Z", "user": 1, "content_type": 14, "object_id": "8", "object_repr": "PolyLineRoad object (8)", "action_flag": 1, "change_message": "[{\"added\": {}}]"}}, {"model": "admin.logentry", "pk": 143, "fields": {"action_time": "2021-11-12T20:40:02.737Z", "user": 1, "content_type": 16, "object_id": "1", "object_repr": "Электр бойынша Аққұм елді мекенінің информациясы", "action_flag": 1, "change_message": "[{\"added\": {}}]"}}, {"model": "admin.logentry", "pk": 144, "fields": {"action_time": "2021-11-12T20:41:12.211Z", "user": 1, "content_type": 15, "object_id": "1", "object_repr": "Газ бойынша Аққұм елді мекенінің информациясы", "action_flag": 1, "change_message": "[{\"added\": {}}]"}}, {"model": "admin.logentry", "pk": 145, "fields": {"action_time": "2021-11-12T21:22:34.939Z", "user": 1, "content_type": 9, "object_id": "3", "object_repr": "Электр : 3", "action_flag": 2, "change_message": "[{\"changed\": {\"fields\": [\"Name\"]}}]"}}, {"model": "admin.logentry", "pk": 146, "fields": {"action_time": "2021-11-13T04:16:48.224Z", "user": 1, "content_type": 13, "object_id": "10", "object_repr": "Қасқасу", "action_flag": 2, "change_message": "[{\"changed\": {\"fields\": [\"\\u0424\\u043e\\u0442\\u043e\"]}}]"}}, {"model": "admin.logentry", "pk": 147, "fields": {"action_time": "2021-11-13T04:17:22.062Z", "user": 1, "content_type": 13, "object_id": "8", "object_repr": "Көксәйек", "action_flag": 2, "change_message": "[{\"changed\": {\"fields\": [\"\\u0424\\u043e\\u0442\\u043e\"]}}]"}}, {"model": "admin.logentry", "pk": 148, "fields": {"action_time": "2021-11-13T04:17:38.523Z", "user": 1, "content_type": 13, "object_id": "7", "object_repr": "Киелітас", "action_flag": 2, "change_message": "[{\"changed\": {\"fields\": [\"\\u0424\\u043e\\u0442\\u043e\"]}}]"}}, {"model": "admin.logentry", "pk": 149, "fields": {"action_time": "2021-11-13T04:18:18.992Z", "user": 1, "content_type": 13, "object_id": "6", "object_repr": "Кемеқалған", "action_flag": 2, "change_message": "[{\"changed\": {\"fields\": [\"\\u0424\\u043e\\u0442\\u043e\"]}}]"}}, {"model": "admin.logentry", "pk": 150, "fields": {"action_time": "2021-11-13T04:18:51.469Z", "user": 1, "content_type": 13, "object_id": "5", "object_repr": "Зертас", "action_flag": 2, "change_message": "[{\"changed\": {\"fields\": [\"\\u0424\\u043e\\u0442\\u043e\"]}}]"}}, {"model": "admin.logentry", "pk": 151, "fields": {"action_time": "2021-11-13T04:19:00.072Z", "user": 1, "content_type": 13, "object_id": "4", "object_repr": "Жоғарғы Ақсу", "action_flag": 2, "change_message": "[{\"changed\": {\"fields\": [\"\\u0424\\u043e\\u0442\\u043e\"]}}]"}}, {"model": "admin.logentry", "pk": 152, "fields": {"action_time": "2021-11-13T04:19:38.924Z", "user": 1, "content_type": 13, "object_id": "1", "object_repr": "Алатау", "action_flag": 2, "change_message": "[{\"changed\": {\"fields\": [\"\\u0424\\u043e\\u0442\\u043e\"]}}]"}}, {"model": "admin.logentry", "pk": 153, "fields": {"action_time": "2021-11-13T04:20:45.559Z", "user": 1, "content_type": 13, "object_id": "3", "object_repr": "Бірінші мамыр", "action_flag": 2, "change_message": "[{\"changed\": {\"fields\": [\"\\u0424\\u043e\\u0442\\u043e\"]}}]"}}, {"model": "admin.logentry", "pk": 154, "fields": {"action_time": "2021-11-13T04:21:35.045Z", "user": 1, "content_type": 11, "object_id": "1", "object_repr": "Жаңа ұйым", "action_flag": 2, "change_message": "[{\"changed\": {\"fields\": [\"\\u0424\\u043e\\u0442\\u043e\"]}}]"}}, {"model": "admin.logentry", "pk": 155, "fields": {"action_time": "2021-11-13T04:24:43.469Z", "user": 1, "content_type": 11, "object_id": "3", "object_repr": "Момынай", "action_flag": 2, "change_message": "[{\"changed\": {\"fields\": [\"\\u0424\\u043e\\u0442\\u043e\"]}}]"}}, {"model": "admin.logentry", "pk": 156, "fields": {"action_time": "2021-11-13T05:02:53.931Z", "user": 1, "content_type": 10, "object_id": "1", "object_repr": "Су бойынша Аққұм елді мекенінің информациясы", "action_flag": 2, "change_message": "[{\"changed\": {\"fields\": [\"\\u0416\\u0435\\u0440 \\u0430\\u0441\\u0442\\u044b \\u0441\\u0443 \\u049b\\u043e\\u0440\\u044b \\u0445\\u0430\\u0442\\u0442\\u0430\\u043c\\u0430\\u0441\\u044b\"]}}]"}}, {"model": "admin.logentry", "pk": 157, "fields": {"action_time": "2021-11-19T19:47:29.419Z", "user": 1, "content_type": 7, "object_id": "62", "object_repr": "Кенсая Type: Газ", "action_flag": 2, "change_message": "[{\"changed\": {\"fields\": [\"Name\"]}}]"}}, {"model": "admin.logentry", "pk": 158, "fields": {"action_time": "2021-11-19T19:47:37.720Z", "user": 1, "content_type": 7, "object_id": "63", "object_repr": "Актас Type: Газ", "action_flag": 2, "change_message": "[{\"changed\": {\"fields\": [\"Name\"]}}]"}}, {"model": "admin.logentry", "pk": 159, "fields": {"action_time": "2021-11-26T21:18:26.790Z", "user": 1, "content_type": 17, "object_id": "1", "object_repr": "Аққұм: Мәселе (мәселе)", "action_flag": 1, "change_message": "[{\"added\": {}}]"}}, {"model": "admin.logentry", "pk": 160, "fields": {"action_time": "2021-11-26T21:43:43.246Z", "user": 1, "content_type": 17, "object_id": "1", "object_repr": "Аққұм: Мәселе (мәселеWhen a string is specified, it's equivalent to providing the path option.\r\n\r\nThe path option is a pattern to match against the path. Any segments starting with : are recognized as", "action_flag": 2, "change_message": "[{\"changed\": {\"fields\": [\"\\u041c\\u04d9\\u0441\\u0435\\u043b\\u0435\", \"\\u0428\\u0435\\u0448\\u0456\\u043c\\u0456\"]}}]"}}, {"model": "admin.logentry", "pk": 161, "fields": {"action_time": "2021-11-26T21:51:11.135Z", "user": 1, "content_type": 17, "object_id": "2", "object_repr": "Аққұм: Мәселе (asdasdas)", "action_flag": 1, "change_message": "[{\"added\": {}}]"}}, {"model": "admin.logentry", "pk": 162, "fields": {"action_time": "2021-11-27T04:40:33.946Z", "user": 1, "content_type": 17, "object_id": "2", "object_repr": "Аққұм: Мәселе (asdasdas)", "action_flag": 3, "change_message": ""}}, {"model": "admin.logentry", "pk": 163, "fields": {"action_time": "2021-11-27T04:40:33.953Z", "user": 1, "content_type": 17, "object_id": "1", "object_repr": "Аққұм: Мәселе (мәселеWhen a string is specified, it's equivalent to providing the path option.\r\n\r\nThe path option is a pattern to match against the path. Any segments starting with : are recognized as", "action_flag": 3, "change_message": ""}}, {"model": "admin.logentry", "pk": 164, "fields": {"action_time": "2021-11-27T04:43:08.895Z", "user": 1, "content_type": 17, "object_id": "1", "object_repr": "Аққұм: Мәселе (Әлі ата көшесіндегі 1 дана трансформаторды ауыстыру  мәселесі)", "action_flag": 1, "change_message": "[{\"added\": {}}]"}}, {"model": "admin.logentry", "pk": 165, "fields": {"action_time": "2021-11-27T04:43:34.158Z", "user": 1, "content_type": 17, "object_id": "2", "object_repr": "Аққұм: Мәселе (Аққұм елді мекеніндегі ішкі ауыз су құбырларын жаңарту мәселесі.)", "action_flag": 1, "change_message": "[{\"added\": {}}]"}}, {"model": "admin.logentry", "pk": 166, "fields": {"action_time": "2021-11-27T04:44:24.108Z", "user": 1, "content_type": 17, "object_id": "3", "object_repr": "Аққұм: Мәселе (Ащы көшесін ағымдағы жөндеуден өткізу мәселесі.)", "action_flag": 1, "change_message": "[{\"added\": {}}]"}}, {"model": "admin.logentry", "pk": 167, "fields": {"action_time": "2021-11-27T05:27:47.224Z", "user": 1, "content_type": 17, "object_id": "4", "object_repr": "Аққұм: Мәселе (aslkdnlsknd)", "action_flag": 1, "change_message": "[{\"added\": {}}]"}}, {"model": "admin.logentry", "pk": 168, "fields": {"action_time": "2021-11-27T05:28:17.907Z", "user": 1, "content_type": 17, "object_id": "4", "object_repr": "Аққұм: Мәселе (aslkdnlsknd)", "action_flag": 3, "change_message": ""}}, {"model": "auth.permission", "pk": 1, "fields": {"name": "Can add log entry", "content_type": 1, "codename": "add_logentry"}}, {"model": "auth.permission", "pk": 2, "fields": {"name": "Can change log entry", "content_type": 1, "codename": "change_logentry"}}, {"model": "auth.permission", "pk": 3, "fields": {"name": "Can delete log entry", "content_type": 1, "codename": "delete_logentry"}}, {"model": "auth.permission", "pk": 4, "fields": {"name": "Can view log entry", "content_type": 1, "codename": "view_logentry"}}, {"model": "auth.permission", "pk": 5, "fields": {"name": "Can add permission", "content_type": 2, "codename": "add_permission"}}, {"model": "auth.permission", "pk": 6, "fields": {"name": "Can change permission", "content_type": 2, "codename": "change_permission"}}, {"model": "auth.permission", "pk": 7, "fields": {"name": "Can delete permission", "content_type": 2, "codename": "delete_permission"}}, {"model": "auth.permission", "pk": 8, "fields": {"name": "Can view permission", "content_type": 2, "codename": "view_permission"}}, {"model": "auth.permission", "pk": 9, "fields": {"name": "Can add group", "content_type": 3, "codename": "add_group"}}, {"model": "auth.permission", "pk": 10, "fields": {"name": "Can change group", "content_type": 3, "codename": "change_group"}}, {"model": "auth.permission", "pk": 11, "fields": {"name": "Can delete group", "content_type": 3, "codename": "delete_group"}}, {"model": "auth.permission", "pk": 12, "fields": {"name": "Can view group", "content_type": 3, "codename": "view_group"}}, {"model": "auth.permission", "pk": 13, "fields": {"name": "Can add user", "content_type": 4, "codename": "add_user"}}, {"model": "auth.permission", "pk": 14, "fields": {"name": "Can change user", "content_type": 4, "codename": "change_user"}}, {"model": "auth.permission", "pk": 15, "fields": {"name": "Can delete user", "content_type": 4, "codename": "delete_user"}}, {"model": "auth.permission", "pk": 16, "fields": {"name": "Can view user", "content_type": 4, "codename": "view_user"}}, {"model": "auth.permission", "pk": 17, "fields": {"name": "Can add content type", "content_type": 5, "codename": "add_contenttype"}}, {"model": "auth.permission", "pk": 18, "fields": {"name": "Can change content type", "content_type": 5, "codename": "change_contenttype"}}, {"model": "auth.permission", "pk": 19, "fields": {"name": "Can delete content type", "content_type": 5, "codename": "delete_contenttype"}}, {"model": "auth.permission", "pk": 20, "fields": {"name": "Can view content type", "content_type": 5, "codename": "view_contenttype"}}, {"model": "auth.permission", "pk": 21, "fields": {"name": "Can add session", "content_type": 6, "codename": "add_session"}}, {"model": "auth.permission", "pk": 22, "fields": {"name": "Can change session", "content_type": 6, "codename": "change_session"}}, {"model": "auth.permission", "pk": 23, "fields": {"name": "Can delete session", "content_type": 6, "codename": "delete_session"}}, {"model": "auth.permission", "pk": 24, "fields": {"name": "Can view session", "content_type": 6, "codename": "view_session"}}, {"model": "auth.permission", "pk": 25, "fields": {"name": "Can add poly line", "content_type": 7, "codename": "add_polyline"}}, {"model": "auth.permission", "pk": 26, "fields": {"name": "Can change poly line", "content_type": 7, "codename": "change_polyline"}}, {"model": "auth.permission", "pk": 27, "fields": {"name": "Can delete poly line", "content_type": 7, "codename": "delete_polyline"}}, {"model": "auth.permission", "pk": 28, "fields": {"name": "Can view poly line", "content_type": 7, "codename": "view_polyline"}}, {"model": "auth.permission", "pk": 29, "fields": {"name": "Can add positions", "content_type": 8, "codename": "add_positions"}}, {"model": "auth.permission", "pk": 30, "fields": {"name": "Can change positions", "content_type": 8, "codename": "change_positions"}}, {"model": "auth.permission", "pk": 31, "fields": {"name": "Can delete positions", "content_type": 8, "codename": "delete_positions"}}, {"model": "auth.permission", "pk": 32, "fields": {"name": "Can view positions", "content_type": 8, "codename": "view_positions"}}, {"model": "auth.permission", "pk": 33, "fields": {"name": "Can add poly line types", "content_type": 9, "codename": "add_polylinetypes"}}, {"model": "auth.permission", "pk": 34, "fields": {"name": "Can change poly line types", "content_type": 9, "codename": "change_polylinetypes"}}, {"model": "auth.permission", "pk": 35, "fields": {"name": "Can delete poly line types", "content_type": 9, "codename": "delete_polylinetypes"}}, {"model": "auth.permission", "pk": 36, "fields": {"name": "Can view poly line types", "content_type": 9, "codename": "view_polylinetypes"}}, {"model": "auth.permission", "pk": 37, "fields": {"name": "Can add Су бойынша", "content_type": 10, "codename": "add_localitieswater"}}, {"model": "auth.permission", "pk": 38, "fields": {"name": "Can change Су бойынша", "content_type": 10, "codename": "change_localitieswater"}}, {"model": "auth.permission", "pk": 39, "fields": {"name": "Can delete Су бойынша", "content_type": 10, "codename": "delete_localitieswater"}}, {"model": "auth.permission", "pk": 40, "fields": {"name": "Can view Су бойынша", "content_type": 10, "codename": "view_localitieswater"}}, {"model": "auth.permission", "pk": 41, "fields": {"name": "Can add Елді мекен", "content_type": 11, "codename": "add_localities"}}, {"model": "auth.permission", "pk": 42, "fields": {"name": "Can change Елді мекен", "content_type": 11, "codename": "change_localities"}}, {"model": "auth.permission", "pk": 43, "fields": {"name": "Can delete Елді мекен", "content_type": 11, "codename": "delete_localities"}}, {"model": "auth.permission", "pk": 44, "fields": {"name": "Can view Елді мекен", "content_type": 11, "codename": "view_localities"}}, {"model": "auth.permission", "pk": 45, "fields": {"name": "Can add Диаметр", "content_type": 12, "codename": "add_diametr"}}, {"model": "auth.permission", "pk": 46, "fields": {"name": "Can change Диаметр", "content_type": 12, "codename": "change_diametr"}}, {"model": "auth.permission", "pk": 47, "fields": {"name": "Can delete Диаметр", "content_type": 12, "codename": "delete_diametr"}}, {"model": "auth.permission", "pk": 48, "fields": {"name": "Can view Диаметр", "content_type": 12, "codename": "view_diametr"}}, {"model": "auth.permission", "pk": 49, "fields": {"name": "Can add Ауылдық округ", "content_type": 13, "codename": "add_ruraldistrict"}}, {"model": "auth.permission", "pk": 50, "fields": {"name": "Can change Ауылдық округ", "content_type": 13, "codename": "change_ruraldistrict"}}, {"model": "auth.permission", "pk": 51, "fields": {"name": "Can delete Ауылдық округ", "content_type": 13, "codename": "delete_ruraldistrict"}}, {"model": "auth.permission", "pk": 52, "fields": {"name": "Can view Ауылдық округ", "content_type": 13, "codename": "view_ruraldistrict"}}, {"model": "auth.permission", "pk": 53, "fields": {"name": "Can add poly line road", "content_type": 14, "codename": "add_polylineroad"}}, {"model": "auth.permission", "pk": 54, "fields": {"name": "Can change poly line road", "content_type": 14, "codename": "change_polylineroad"}}, {"model": "auth.permission", "pk": 55, "fields": {"name": "Can delete poly line road", "content_type": 14, "codename": "delete_polylineroad"}}, {"model": "auth.permission", "pk": 56, "fields": {"name": "Can view poly line road", "content_type": 14, "codename": "view_polylineroad"}}, {"model": "auth.permission", "pk": 57, "fields": {"name": "Can add localities gas", "content_type": 15, "codename": "add_localitiesgas"}}, {"model": "auth.permission", "pk": 58, "fields": {"name": "Can change localities gas", "content_type": 15, "codename": "change_localitiesgas"}}, {"model": "auth.permission", "pk": 59, "fields": {"name": "Can delete localities gas", "content_type": 15, "codename": "delete_localitiesgas"}}, {"model": "auth.permission", "pk": 60, "fields": {"name": "Can view localities gas", "content_type": 15, "codename": "view_localitiesgas"}}, {"model": "auth.permission", "pk": 61, "fields": {"name": "Can add Электр бойынша", "content_type": 16, "codename": "add_localitieselectr"}}, {"model": "auth.permission", "pk": 62, "fields": {"name": "Can change Электр бойынша", "content_type": 16, "codename": "change_localitieselectr"}}, {"model": "auth.permission", "pk": 63, "fields": {"name": "Can delete Электр бойынша", "content_type": 16, "codename": "delete_localitieselectr"}}, {"model": "auth.permission", "pk": 64, "fields": {"name": "Can view Электр бойынша", "content_type": 16, "codename": "view_localitieselectr"}}, {"model": "auth.permission", "pk": 65, "fields": {"name": "Can add relevant", "content_type": 17, "codename": "add_relevant"}}, {"model": "auth.permission", "pk": 66, "fields": {"name": "Can change relevant", "content_type": 17, "codename": "change_relevant"}}, {"model": "auth.permission", "pk": 67, "fields": {"name": "Can delete relevant", "content_type": 17, "codename": "delete_relevant"}}, {"model": "auth.permission", "pk": 68, "fields": {"name": "Can view relevant", "content_type": 17, "codename": "view_relevant"}}, {"model": "auth.user", "pk": 1, "fields": {"password": "pbkdf2_sha256$260000$Z95VBZjG5e5hAfPaujHdv9$rt6Mxk6HnouUJxl1FSGv5FHi9WUNFnplsYTiH01Wyis=", "last_login": "2021-11-26T21:12:10.150Z", "is_superuser": true, "username": "admin", "first_name": "", "last_name": "", "email": "", "is_staff": true, "is_active": true, "date_joined": "2021-08-29T17:48:49.091Z", "groups": [], "user_permissions": []}}, {"model": "contenttypes.contenttype", "pk": 1, "fields": {"app_label": "admin", "model": "logentry"}}, {"model": "contenttypes.contenttype", "pk": 2, "fields": {"app_label": "auth", "model": "permission"}}, {"model": "contenttypes.contenttype", "pk": 3, "fields": {"app_label": "auth", "model": "group"}}, {"model": "contenttypes.contenttype", "pk": 4, "fields": {"app_label": "auth", "model": "user"}}, {"model": "contenttypes.contenttype", "pk": 5, "fields": {"app_label": "contenttypes", "model": "contenttype"}}, {"model": "contenttypes.contenttype", "pk": 6, "fields": {"app_label": "sessions", "model": "session"}}, {"model": "contenttypes.contenttype", "pk": 7, "fields": {"app_label": "main", "model": "polyline"}}, {"model": "contenttypes.contenttype", "pk": 8, "fields": {"app_label": "main", "model": "positions"}}, {"model": "contenttypes.contenttype", "pk": 9, "fields": {"app_label": "main", "model": "polylinetypes"}}, {"model": "contenttypes.contenttype", "pk": 10, "fields": {"app_label": "city", "model": "localitieswater"}}, {"model": "contenttypes.contenttype", "pk": 11, "fields": {"app_label": "city", "model": "localities"}}, {"model": "contenttypes.contenttype", "pk": 12, "fields": {"app_label": "city", "model": "diametr"}}, {"model": "contenttypes.contenttype", "pk": 13, "fields": {"app_label": "city", "model": "ruraldistrict"}}, {"model": "contenttypes.contenttype", "pk": 14, "fields": {"app_label": "main", "model": "polylineroad"}}, {"model": "contenttypes.contenttype", "pk": 15, "fields": {"app_label": "city", "model": "localitiesgas"}}, {"model": "contenttypes.contenttype", "pk": 16, "fields": {"app_label": "city", "model": "localitieselectr"}}, {"model": "contenttypes.contenttype", "pk": 17, "fields": {"app_label": "main", "model": "relevant"}}, {"model": "sessions.session", "pk": "1txbogpxz3s4eokule148py9ww95nqwx", "fields": {"session_data": ".eJxVjDsOwjAQBe_iGln-xl5Kes5grT-LA8iW4qRC3B0ipYD2zcx7sYDbWsM2yhLmzM5MstPvFjE9SttBvmO7dZ56W5c58l3hBx382nN5Xg7376DiqN_aEJaYgMCaJC2RkSJr8jp5izl5Bx4yKOudUEKQmYzRGkEoki4KtBN7fwDspDdR:1mYnAw:8GLw8P9WJXEHXJU2cmqsNTL8PSMrh7OblqQmhPWV4ek", "expire_date": "2021-10-22T10:32:26.711Z"}}, {"model": "sessions.session", "pk": "3k0o326bafambdv5ep8sqj0ohusrxx0m", "fields": {"session_data": ".eJxVjDsOwjAQBe_iGln-xl5Kes5grT-LA8iW4qRC3B0ipYD2zcx7sYDbWsM2yhLmzM5MstPvFjE9SttBvmO7dZ56W5c58l3hBx382nN5Xg7376DiqN_aEJaYgMCaJC2RkSJr8jp5izl5Bx4yKOudUEKQmYzRGkEoki4KtBN7fwDspDdR:1mL0HW:HRsZU5szqY-8fbsJp0jKY1mXPfest9F72qICUpzVq34", "expire_date": "2021-09-14T09:42:14.345Z"}}, {"model": "sessions.session", "pk": "95lhlu2do2yv1ldja348z0tnrc76httb", "fields": {"session_data": ".eJxVjDsOwjAQBe_iGln-xl5Kes5grT-LA8iW4qRC3B0ipYD2zcx7sYDbWsM2yhLmzM5MstPvFjE9SttBvmO7dZ56W5c58l3hBx382nN5Xg7376DiqN_aEJaYgMCaJC2RkSJr8jp5izl5Bx4yKOudUEKQmYzRGkEoki4KtBN7fwDspDdR:1ml4Fi:nCUMQj-sJrlXg-m-2jtwsJKpMjmF26m9IgPgUlkTbQI", "expire_date": "2021-11-25T07:12:06.386Z"}}, {"model": "sessions.session", "pk": "9kx9p3lm6b8z0g22umx0oesy1nxic6n1", "fields": {"session_data": ".eJxVjDsOwjAQBe_iGln-xl5Kes5grT-LA8iW4qRC3B0ipYD2zcx7sYDbWsM2yhLmzM5MstPvFjE9SttBvmO7dZ56W5c58l3hBx382nN5Xg7376DiqN_aEJaYgMCaJC2RkSJr8jp5izl5Bx4yKOudUEKQmYzRGkEoki4KtBN7fwDspDdR:1mlkQj:hipsDSfWzUYfXfOO1WyDEJ8x-ENvEBNWPV7euvE75m4", "expire_date": "2021-11-27T04:14:17.860Z"}}, {"model": "sessions.session", "pk": "e1m98iiw9nc5jpo3xqfcg74z30sc6u7f", "fields": {"session_data": ".eJxVjDsOwjAQBe_iGln-xl5Kes5grT-LA8iW4qRC3B0ipYD2zcx7sYDbWsM2yhLmzM5MstPvFjE9SttBvmO7dZ56W5c58l3hBx382nN5Xg7376DiqN_aEJaYgMCaJC2RkSJr8jp5izl5Bx4yKOudUEKQmYzRGkEoki4KtBN7fwDspDdR:1mqiVu:qnySrpFB41IjDHEtpj28_Kmr23DCy4wuOpNPN0Z9JMg", "expire_date": "2021-12-10T21:12:10.151Z"}}, {"model": "sessions.session", "pk": "erqeh3zrtiy9zq3kv6bjz2e2thx2f3e4", "fields": {"session_data": ".eJxVjDsOwjAQBe_iGln-xl5Kes5grT-LA8iW4qRC3B0ipYD2zcx7sYDbWsM2yhLmzM5MstPvFjE9SttBvmO7dZ56W5c58l3hBx382nN5Xg7376DiqN_aEJaYgMCaJC2RkSJr8jp5izl5Bx4yKOudUEKQmYzRGkEoki4KtBN7fwDspDdR:1mlVpv:Rq-869LAhEuiV-4O-P8RyRUxnLZpj2_mJl2_SJqd7_o", "expire_date": "2021-11-26T12:39:19.858Z"}}, {"model": "sessions.session", "pk": "fwl4tm96oyehrlztxbihnzu528ltlrrn", "fields": {"session_data": ".eJxVjDsOwjAQBe_iGln-xl5Kes5grT-LA8iW4qRC3B0ipYD2zcx7sYDbWsM2yhLmzM5MstPvFjE9SttBvmO7dZ56W5c58l3hBx382nN5Xg7376DiqN_aEJaYgMCaJC2RkSJr8jp5izl5Bx4yKOudUEKQmYzRGkEoki4KtBN7fwDspDdR:1mOY8Q:BEdTfLJBK69_UD2VwHo_O8HNFu7gCqe0o5cF_anjH1Y", "expire_date": "2021-09-24T04:27:30.136Z"}}, {"model": "sessions.session", "pk": "jmhcuanx28puj3lv14l9uukwi1ncvmfe", "fields": {"session_data": ".eJxVjDsOwjAQBe_iGln-xl5Kes5grT-LA8iW4qRC3B0ipYD2zcx7sYDbWsM2yhLmzM5MstPvFjE9SttBvmO7dZ56W5c58l3hBx382nN5Xg7376DiqN_aEJaYgMCaJC2RkSJr8jp5izl5Bx4yKOudUEKQmYzRGkEoki4KtBN7fwDspDdR:1mlUEH:ZbNHLksPR6aNv2gv8NTUo1l7YNbYGHE4oQ_KiIL1IZc", "expire_date": "2021-11-26T10:56:21.246Z"}}, {"model": "sessions.session", "pk": "kfv4vilxqoi4yx8j2iu9kveiojk99jk1", "fields": {"session_data": ".eJxVjDsOwjAQBe_iGln-xl5Kes5grT-LA8iW4qRC3B0ipYD2zcx7sYDbWsM2yhLmzM5MstPvFjE9SttBvmO7dZ56W5c58l3hBx382nN5Xg7376DiqN_aEJaYgMCaJC2RkSJr8jp5izl5Bx4yKOudUEKQmYzRGkEoki4KtBN7fwDspDdR:1mO3H8:iQn42A-_34OsGEH94Hb3df1zxH7L480OTeyHyWHGKYU", "expire_date": "2021-09-22T19:30:26.076Z"}}, {"model": "sessions.session", "pk": "td6he2ldcvhhmdcezgxybwrgu678h67f", "fields": {"session_data": ".eJxVjDsOwjAQBe_iGln-xl5Kes5grT-LA8iW4qRC3B0ipYD2zcx7sYDbWsM2yhLmzM5MstPvFjE9SttBvmO7dZ56W5c58l3hBx382nN5Xg7376DiqN_aEJaYgMCaJC2RkSJr8jp5izl5Bx4yKOudUEKQmYzRGkEoki4KtBN7fwDspDdR:1mKkjW:WETlxlRBFQyDxwJXcx3_c-hrMTeIifgTxsWtxpimhgg", "expire_date": "2021-09-13T17:06:06.901Z"}}, {"model": "sessions.session", "pk": "v6zu4wuqz9zytex90nc6hi3vqhdge67l", "fields": {"session_data": ".eJxVjDsOwjAQBe_iGln-xl5Kes5grT-LA8iW4qRC3B0ipYD2zcx7sYDbWsM2yhLmzM5MstPvFjE9SttBvmO7dZ56W5c58l3hBx382nN5Xg7376DiqN_aEJaYgMCaJC2RkSJr8jp5izl5Bx4yKOudUEKQmYzRGkEoki4KtBN7fwDspDdR:1mo9ql:KMqRt74TzAZQ2rEyjgy3uM6jWSrPkA5no-Fz-IB9jBg", "expire_date": "2021-12-03T19:47:07.703Z"}}, {"model": "sessions.session", "pk": "xwkqfas5dp7j244833z7394rrhe2bjhz", "fields": {"session_data": ".eJxVjDsOwjAQBe_iGln-xl5Kes5grT-LA8iW4qRC3B0ipYD2zcx7sYDbWsM2yhLmzM5MstPvFjE9SttBvmO7dZ56W5c58l3hBx382nN5Xg7376DiqN_aEJaYgMCaJC2RkSJr8jp5izl5Bx4yKOudUEKQmYzRGkEoki4KtBN7fwDspDdR:1mKOyg:dTRmnf0NELI42JY76t9sJv7MS4GAS3G1eUgas5ABVK8", "expire_date": "2021-09-12T17:52:18.451Z"}}, {"model": "main.polylinetypes", "pk": 1, "fields": {"name": "Жол"}}, {"model": "main.polylinetypes", "pk": 2, "fields": {"name": "Су"}}, {"model": "main.polylinetypes", "pk": 3, "fields": {"name": "Электр"}}, {"model": "main.polylinetypes", "pk": 4, "fields": {"name": "Газ"}}, {"model": "main.relevant", "pk": 1, "fields": {"question": "Әлі ата көшесіндегі 1 дана трансформаторды ауыстыру  мәселесі", "solution": "Аққұм елді мекені, Әлі Ата көшесі бойындағы ОЖТ меншігіндегі 1 трансформаторды (КТПН 0,4/10кВт) ауыстыру қажет.\r\n«ОЖТ» ЖШС ұсыныс беріліп, 2022 жылға инвес бағдалма аясында ауыстыру жоспарына енгізілді.", "waiting_result": "Трансформатор (КТПН 0,4/10кВт) ауысқан жағдайда жалпы 41 абонент сапалы электр жүйесімен қамтылатын болады.", "localty": 2, "type": 3}}, {"model": "main.relevant", "pk": 2, "fields": {"question": "Аққұм елді мекеніндегі ішкі ауыз су құбырларын жаңарту мәселесі.", "solution": "Аққұм елді мекеніндегі ішкі ауыз су құбырлары темір және полиэтиленді құбырлармен 1968 жылы салынған. Ішкі құбырлардың ішінде 1,3 шақырымы ( дм 100мм) құбыры тозығы жеткен. Жаңартуды қажет етеді. Одан бөлек  су көзінің каптажын, санитарлық аймағын ағымдағы жөндеуден өткізу қажет. \r\nБүгінге ағымдағы жөндейден өткізуге қажетті 4,0 млн теңгеге сметалық құжатты әзірленіп, бюджеттік өтінім берілді.", "waiting_result": "Ақұм елді мекеніндегі ішкі құбырлар жаңартылып, су көзіне санитарлық талаптарға сәйкес қоршалса 242 жуық абонент сапалы ауыз сумен қамтылады.", "localty": 2, "type": 2}}, {"model": "main.relevant", "pk": 3, "fields": {"question": "Ащы көшесін ағымдағы жөндеуден өткізу мәселесі.", "solution": "Аққұм елді мекеніндегі ішкі Ащы көшесін ағымдағы жөндеуден өткізуге қажетті 15 515,9 мың теңгеге  сметалық құжатты әзірленіп, бюджеттік өтінім берілді.", "waiting_result": "Аққұм елді мекеніндегі ішкі 1170 метр жол жөнделіп, тұрғындар сапалы жолмен қамтылады.", "localty": 2, "type": 1}}, {"model": "main.polyline", "pk": 43, "fields": {"km": 551, "name": "Әлі ата", "color": "#FFD15D", "localities": 2, "typeMarker": 1}}, {"model": "main.polyline", "pk": 44, "fields": {"km": 4467, "name": "Қапал батыр", "color": "#FFD15D", "localities": 2, "typeMarker": 1}}, {"model": "main.polyline", "pk": 45, "fields": {"km": 1071, "name": "Ащы", "color": "#FFD15D", "localities": 2, "typeMarker": 1}}, {"model": "main.polyline", "pk": 46, "fields": {"km": 368, "name": "Кеңсай", "color": "#FFD15D", "localities": 2, "typeMarker": 1}}, {"model": "main.polyline", "pk": 47, "fields": {"km": 392, "name": "Алтынтобе", "color": "#FF0000", "localities": 2, "typeMarker": 1}}, {"model": "main.polyline", "pk": 48, "fields": {"km": 575, "name": "Наурыз", "color": "#FFD15D", "localities": 2, "typeMarker": 1}}, {"model": "main.polyline", "pk": 49, "fields": {"km": 1011, "name": "Ақдала", "color": "#FFD15D", "localities": 2, "typeMarker": 1}}, {"model": "main.polyline", "pk": 51, "fields": {"km": 907, "name": "Жалгыз Агаш", "color": "#FFD15D", "localities": 2, "typeMarker": 1}}, {"model": "main.polyline", "pk": 52, "fields": {"km": 4472, "name": "Қапал батыр", "color": "#006AFD", "localities": 2, "typeMarker": 2}}, {"model": "main.polyline", "pk": 53, "fields": {"km": 957, "name": "Ащы", "color": "#006AFD", "localities": 2, "typeMarker": 2}}, {"model": "main.polyline", "pk": 54, "fields": {"km": 342, "name": "Кеңсай", "color": "#006AFD", "localities": 2, "typeMarker": 2}}, {"model": "main.polyline", "pk": 55, "fields": {"km": 944, "name": "Ақдала", "color": "#006AFD", "localities": 2, "typeMarker": 2}}, {"model": "main.polyline", "pk": 56, "fields": {"km": 879, "name": "Жалгыз Агаш", "color": "#006AFD", "localities": 2, "typeMarker": 2}}, {"model": "main.polyline", "pk": 57, "fields": {"km": 910, "name": "Қызыласкер су Құбыры", "color": null, "localities": 2, "typeMarker": 3}}, {"model": "main.polyline", "pk": 59, "fields": {"km": 761, "name": "Актас", "color": null, "localities": 2, "typeMarker": 3}}, {"model": "main.polyline", "pk": 60, "fields": {"km": 3528, "name": "Капал батыр", "color": null, "localities": 2, "typeMarker": 4}}, {"model": "main.polyline", "pk": 61, "fields": {"km": 1145, "name": "Ащы", "color": null, "localities": 2, "typeMarker": 4}}, {"model": "main.polyline", "pk": 62, "fields": {"km": 1535, "name": "Кенсая", "color": null, "localities": 2, "typeMarker": 4}}, {"model": "main.polyline", "pk": 63, "fields": {"km": 3212, "name": "Актас", "color": null, "localities": 2, "typeMarker": 4}}, {"model": "main.polylineroad", "pk": 1, "fields": {"width": "12", "hectar": "5.66676", "beton": "4722", "goodSituation": "4722", "badSituation": null, "yearConstruction": "2013", "polyline": 44}}, {"model": "main.polylineroad", "pk": 2, "fields": {"width": "12", "hectar": "0.62", "beton": "517", "goodSituation": "517", "badSituation": null, "yearConstruction": "2018", "polyline": 46}}, {"model": "main.polylineroad", "pk": 3, "fields": {"width": "10", "hectar": "0.64", "beton": "647", "goodSituation": "647", "badSituation": null, "yearConstruction": "1996", "polyline": 47}}, {"model": "main.polylineroad", "pk": 4, "fields": {"width": "10", "hectar": "1.57", "beton": "1578", "goodSituation": "1578", "badSituation": null, "yearConstruction": "2009", "polyline": 43}}, {"model": "main.polylineroad", "pk": 5, "fields": {"width": "8", "hectar": "1.01", "beton": "1263", "goodSituation": "1263", "badSituation": null, "yearConstruction": "2016", "polyline": 49}}, {"model": "main.polylineroad", "pk": 6, "fields": {"width": "9", "hectar": "1.43", "beton": "1593", "goodSituation": "1593", "badSituation": null, "yearConstruction": "2017", "polyline": 51}}, {"model": "main.polylineroad", "pk": 7, "fields": {"width": "8", "hectar": "0.60", "beton": "750", "goodSituation": "750", "badSituation": null, "yearConstruction": "2017", "polyline": 48}}, {"model": "main.polylineroad", "pk": 8, "fields": {"width": "12", "hectar": "1.2", "beton": "1050", "goodSituation": "1050", "badSituation": null, "yearConstruction": "2016", "polyline": 45}}, {"model": "main.positions", "pk": 247, "fields": {"index": null, "lat": 42.202447060188874, "lng": 69.96181695282856, "polyline": 43}}, {"model": "main.positions", "pk": 248, "fields": {"index": null, "lat": 42.20191269768105, "lng": 69.96095643955644, "polyline": 43}}, {"model": "main.positions", "pk": 249, "fields": {"index": null, "lat": 42.20158193258772, "lng": 69.9605798271007, "polyline": 43}}, {"model": "main.positions", "pk": 250, "fields": {"index": null, "lat": 42.20128295700967, "lng": 69.96095423316909, "polyline": 43}}, {"model": "main.positions", "pk": 251, "fields": {"index": null, "lat": 42.20142753766009, "lng": 69.96077129135922, "polyline": 43}}, {"model": "main.positions", "pk": 252, "fields": {"index": null, "lat": 42.20156615714943, "lng": 69.96056689187725, "polyline": 43}}, {"model": "main.positions", "pk": 253, "fields": {"index": null, "lat": 42.20126519454378, "lng": 69.96013663524121, "polyline": 43}}, {"model": "main.positions", "pk": 254, "fields": {"index": null, "lat": 42.20077056142384, "lng": 69.95914737593637, "polyline": 43}}, {"model": "main.positions", "pk": 255, "fields": {"index": null, "lat": 42.19933992788288, "lng": 69.95661537062631, "polyline": 43}}, {"model": "main.positions", "pk": 256, "fields": {"index": null, "lat": 42.19837025784402, "lng": 69.955478114004, "polyline": 43}}, {"model": "main.positions", "pk": 257, "fields": {"index": null, "lat": 42.201708246356354, "lng": 69.92920195292027, "polyline": 44}}, {"model": "main.positions", "pk": 258, "fields": {"index": null, "lat": 42.20169930476095, "lng": 69.92933117852385, "polyline": 44}}, {"model": "main.positions", "pk": 259, "fields": {"index": null, "lat": 42.201520479968195, "lng": 69.92953502640898, "polyline": 44}}, {"model": "main.positions", "pk": 260, "fields": {"index": null, "lat": 42.20133701070014, "lng": 69.92971487708465, "polyline": 44}}, {"model": "main.positions", "pk": 261, "fields": {"index": null, "lat": 42.20118600226476, "lng": 69.93006892867461, "polyline": 44}}, {"model": "main.positions", "pk": 262, "fields": {"index": null, "lat": 42.20105504001611, "lng": 69.9305459943963, "polyline": 44}}, {"model": "main.positions", "pk": 263, "fields": {"index": null, "lat": 42.20040621157187, "lng": 69.93119548898058, "polyline": 44}}, {"model": "main.positions", "pk": 264, "fields": {"index": null, "lat": 42.19961542182537, "lng": 69.93183247716554, "polyline": 44}}, {"model": "main.positions", "pk": 265, "fields": {"index": null, "lat": 42.198697082914805, "lng": 69.9325865617631, "polyline": 44}}, {"model": "main.positions", "pk": 266, "fields": {"index": null, "lat": 42.19851796815996, "lng": 69.93304526623068, "polyline": 44}}, {"model": "main.positions", "pk": 267, "fields": {"index": null, "lat": 42.19849412368304, "lng": 69.9335173350173, "polyline": 44}}, {"model": "main.positions", "pk": 268, "fields": {"index": null, "lat": 42.19869282738254, "lng": 69.93484771068869, "polyline": 44}}, {"model": "main.positions", "pk": 269, "fields": {"index": null, "lat": 42.19873256804745, "lng": 69.93611371334372, "polyline": 44}}, {"model": "main.positions", "pk": 270, "fields": {"index": null, "lat": 42.19907433673403, "lng": 69.93743336017904, "polyline": 44}}, {"model": "main.positions", "pk": 271, "fields": {"index": null, "lat": 42.19934457113108, "lng": 69.93894612606344, "polyline": 44}}, {"model": "main.positions", "pk": 272, "fields": {"index": null, "lat": 42.19959890833142, "lng": 69.94085585888205, "polyline": 44}}, {"model": "main.positions", "pk": 273, "fields": {"index": null, "lat": 42.19990888041025, "lng": 69.94286215122519, "polyline": 44}}, {"model": "main.positions", "pk": 274, "fields": {"index": null, "lat": 42.20028243448483, "lng": 69.94390284832296, "polyline": 44}}, {"model": "main.positions", "pk": 275, "fields": {"index": null, "lat": 42.20044139299571, "lng": 69.94509374912558, "polyline": 44}}, {"model": "main.positions", "pk": 276, "fields": {"index": null, "lat": 42.20047318464991, "lng": 69.94656359966574, "polyline": 44}}, {"model": "main.positions", "pk": 277, "fields": {"index": null, "lat": 42.20053676791027, "lng": 69.94765794094381, "polyline": 44}}, {"model": "main.positions", "pk": 278, "fields": {"index": null, "lat": 42.20029833035392, "lng": 69.94892394359884, "polyline": 44}}, {"model": "main.positions", "pk": 279, "fields": {"index": null, "lat": 42.20006783986084, "lng": 69.94973933513937, "polyline": 44}}, {"model": "main.positions", "pk": 280, "fields": {"index": null, "lat": 42.19971812854168, "lng": 69.95069420154867, "polyline": 44}}, {"model": "main.positions", "pk": 281, "fields": {"index": null, "lat": 42.19947968789622, "lng": 69.95184218700705, "polyline": 44}}, {"model": "main.positions", "pk": 282, "fields": {"index": null, "lat": 42.1993763633371, "lng": 69.9525717478591, "polyline": 44}}, {"model": "main.positions", "pk": 283, "fields": {"index": null, "lat": 42.19912997332201, "lng": 69.9530223589736, "polyline": 44}}, {"model": "main.positions", "pk": 284, "fields": {"index": null, "lat": 42.19868487924654, "lng": 69.9539772253829, "polyline": 44}}, {"model": "main.positions", "pk": 285, "fields": {"index": null, "lat": 42.19829541935878, "lng": 69.95536124523458, "polyline": 44}}, {"model": "main.positions", "pk": 286, "fields": {"index": null, "lat": 42.1982159374541, "lng": 69.95611226375875, "polyline": 44}}, {"model": "main.positions", "pk": 287, "fields": {"index": null, "lat": 42.197890060599796, "lng": 69.95704567249594, "polyline": 44}}, {"model": "main.positions", "pk": 288, "fields": {"index": null, "lat": 42.197405216316234, "lng": 69.95848333652792, "polyline": 44}}, {"model": "main.positions", "pk": 289, "fields": {"index": null, "lat": 42.19662627836704, "lng": 69.96018922146139, "polyline": 44}}, {"model": "main.positions", "pk": 290, "fields": {"index": null, "lat": 42.19589920544191, "lng": 69.96185783816904, "polyline": 44}}, {"model": "main.positions", "pk": 291, "fields": {"index": null, "lat": 42.19541434588406, "lng": 69.96300582362741, "polyline": 44}}, {"model": "main.positions", "pk": 292, "fields": {"index": null, "lat": 42.1910734558335, "lng": 69.97263671668674, "polyline": 44}}, {"model": "main.positions", "pk": 293, "fields": {"index": null, "lat": 42.1908349825706, "lng": 69.9733877352109, "polyline": 44}}, {"model": "main.positions", "pk": 294, "fields": {"index": null, "lat": 42.1904216267836, "lng": 69.97407438071872, "polyline": 44}}, {"model": "main.positions", "pk": 295, "fields": {"index": null, "lat": 42.190660101606014, "lng": 69.97536184104587, "polyline": 44}}, {"model": "main.positions", "pk": 296, "fields": {"index": null, "lat": 42.19064420331253, "lng": 69.97634889396335, "polyline": 44}}, {"model": "main.positions", "pk": 297, "fields": {"index": null, "lat": 42.190246744675356, "lng": 69.97714282783176, "polyline": 44}}, {"model": "main.positions", "pk": 298, "fields": {"index": null, "lat": 42.1899287759662, "lng": 69.97737886222507, "polyline": 44}}, {"model": "main.positions", "pk": 299, "fields": {"index": null, "lat": 42.21421635508344, "lng": 69.93236290500799, "polyline": 45}}, {"model": "main.positions", "pk": 300, "fields": {"index": null, "lat": 42.21190732116896, "lng": 69.93165480182806, "polyline": 45}}, {"model": "main.positions", "pk": 301, "fields": {"index": null, "lat": 42.210552683576026, "lng": 69.93088232563177, "polyline": 45}}, {"model": "main.positions", "pk": 302, "fields": {"index": null, "lat": 42.20952322591097, "lng": 69.93064318366042, "polyline": 45}}, {"model": "main.positions", "pk": 303, "fields": {"index": null, "lat": 42.208604475768404, "lng": 69.93007010640936, "polyline": 45}}, {"model": "main.positions", "pk": 304, "fields": {"index": null, "lat": 42.20764733599932, "lng": 69.92936148875461, "polyline": 45}}, {"model": "main.positions", "pk": 305, "fields": {"index": null, "lat": 42.206430904826185, "lng": 69.92825463181786, "polyline": 45}}, {"model": "main.positions", "pk": 306, "fields": {"index": null, "lat": 42.20558013901965, "lng": 69.92716478645715, "polyline": 45}}, {"model": "main.positions", "pk": 307, "fields": {"index": null, "lat": 42.20514422027833, "lng": 69.92611866630796, "polyline": 45}}, {"model": "main.positions", "pk": 308, "fields": {"index": null, "lat": 42.2035279251574, "lng": 69.95106910765283, "polyline": 46}}, {"model": "main.positions", "pk": 309, "fields": {"index": null, "lat": 42.202852381725315, "lng": 69.9501464277517, "polyline": 46}}, {"model": "main.positions", "pk": 310, "fields": {"index": null, "lat": 42.2021623811336, "lng": 69.94932523291482, "polyline": 46}}, {"model": "main.positions", "pk": 311, "fields": {"index": null, "lat": 42.20156291365228, "lng": 69.94868150275124, "polyline": 46}}, {"model": "main.positions", "pk": 312, "fields": {"index": null, "lat": 42.201010028455016, "lng": 69.94817724745644, "polyline": 46}}, {"model": "main.positions", "pk": 313, "fields": {"index": null, "lat": 42.20062785054585, "lng": 69.94759789030923, "polyline": 46}}, {"model": "main.positions", "pk": 314, "fields": {"index": null, "lat": 42.20194677680395, "lng": 69.95338601933658, "polyline": 47}}, {"model": "main.positions", "pk": 315, "fields": {"index": null, "lat": 42.20178190666282, "lng": 69.95362205372989, "polyline": 47}}, {"model": "main.positions", "pk": 316, "fields": {"index": null, "lat": 42.201685809256, "lng": 69.95407266484439, "polyline": 47}}, {"model": "main.positions", "pk": 317, "fields": {"index": null, "lat": 42.20156371286914, "lng": 69.95431406365573, "polyline": 47}}, {"model": "main.positions", "pk": 318, "fields": {"index": null, "lat": 42.2013560888112, "lng": 69.95445710033184, "polyline": 47}}, {"model": "main.positions", "pk": 319, "fields": {"index": null, "lat": 42.20115266724964, "lng": 69.95451074451213, "polyline": 47}}, {"model": "main.positions", "pk": 320, "fields": {"index": null, "lat": 42.2008971309983, "lng": 69.95457511752849, "polyline": 47}}, {"model": "main.positions", "pk": 321, "fields": {"index": null, "lat": 42.200697836845876, "lng": 69.95461803287273, "polyline": 47}}, {"model": "main.positions", "pk": 322, "fields": {"index": null, "lat": 42.20036835009612, "lng": 69.95427984140038, "polyline": 47}}, {"model": "main.positions", "pk": 323, "fields": {"index": null, "lat": 42.2001801261571, "lng": 69.95384259699019, "polyline": 47}}, {"model": "main.positions", "pk": 324, "fields": {"index": null, "lat": 42.20008386739634, "lng": 69.95376979382485, "polyline": 47}}, {"model": "main.positions", "pk": 325, "fields": {"index": null, "lat": 42.199985621495664, "lng": 69.9536701685694, "polyline": 47}}, {"model": "main.positions", "pk": 326, "fields": {"index": null, "lat": 42.19962001368577, "lng": 69.95345559184821, "polyline": 47}}, {"model": "main.positions", "pk": 327, "fields": {"index": null, "lat": 42.19927824795052, "lng": 69.95317664211066, "polyline": 47}}, {"model": "main.positions", "pk": 328, "fields": {"index": null, "lat": 42.199226585527384, "lng": 69.9531283623484, "polyline": 47}}, {"model": "main.positions", "pk": 329, "fields": {"index": null, "lat": 42.19624377290761, "lng": 69.97667926984376, "polyline": 48}}, {"model": "main.positions", "pk": 330, "fields": {"index": null, "lat": 42.19542849578658, "lng": 69.97559113537731, "polyline": 48}}, {"model": "main.positions", "pk": 331, "fields": {"index": null, "lat": 42.19444920905464, "lng": 69.9745589966864, "polyline": 48}}, {"model": "main.positions", "pk": 332, "fields": {"index": null, "lat": 42.19319357818347, "lng": 69.97362129401924, "polyline": 48}}, {"model": "main.positions", "pk": 333, "fields": {"index": null, "lat": 42.19202508979349, "lng": 69.97270934295418, "polyline": 48}}, {"model": "main.positions", "pk": 334, "fields": {"index": null, "lat": 42.19135737244313, "lng": 69.97215144347908, "polyline": 48}}, {"model": "main.positions", "pk": 335, "fields": {"index": null, "lat": 42.196628907016965, "lng": 69.96040197151412, "polyline": 49}}, {"model": "main.positions", "pk": 336, "fields": {"index": null, "lat": 42.19762244859117, "lng": 69.96105643051375, "polyline": 49}}, {"model": "main.positions", "pk": 337, "fields": {"index": null, "lat": 42.19799601618229, "lng": 69.96150704162825, "polyline": 49}}, {"model": "main.positions", "pk": 338, "fields": {"index": null, "lat": 42.19848085593303, "lng": 69.96186109321822, "polyline": 49}}, {"model": "main.positions", "pk": 339, "fields": {"index": null, "lat": 42.19875904099575, "lng": 69.96225806015242, "polyline": 49}}, {"model": "main.positions", "pk": 340, "fields": {"index": null, "lat": 42.19970486104866, "lng": 69.96292324798812, "polyline": 49}}, {"model": "main.positions", "pk": 341, "fields": {"index": null, "lat": 42.200587083798894, "lng": 69.96359916465987, "polyline": 49}}, {"model": "main.positions", "pk": 342, "fields": {"index": null, "lat": 42.20103216447572, "lng": 69.96389957206954, "polyline": 49}}, {"model": "main.positions", "pk": 343, "fields": {"index": null, "lat": 42.20169183185485, "lng": 69.96447892921675, "polyline": 49}}, {"model": "main.positions", "pk": 344, "fields": {"index": null, "lat": 42.202573521794235, "lng": 69.96528324473418, "polyline": 49}}, {"model": "main.positions", "pk": 345, "fields": {"index": null, "lat": 42.20263710294106, "lng": 69.96549782145537, "polyline": 49}}, {"model": "main.positions", "pk": 346, "fields": {"index": null, "lat": 42.202438411644735, "lng": 69.96563729632415, "polyline": 49}}, {"model": "main.positions", "pk": 347, "fields": {"index": null, "lat": 42.20199334087358, "lng": 69.9657016693405, "polyline": 49}}, {"model": "main.positions", "pk": 348, "fields": {"index": null, "lat": 42.201460841367286, "lng": 69.96516522753753, "polyline": 49}}, {"model": "main.positions", "pk": 349, "fields": {"index": null, "lat": 42.20134162444508, "lng": 69.96499356616057, "polyline": 49}}, {"model": "main.positions", "pk": 350, "fields": {"index": null, "lat": 42.20123830293057, "lng": 69.9644571243576, "polyline": 49}}, {"model": "main.positions", "pk": 351, "fields": {"index": null, "lat": 42.201234329022796, "lng": 69.96419426787413, "polyline": 49}}, {"model": "main.positions", "pk": 361, "fields": {"index": null, "lat": 42.20204950120194, "lng": 69.9674114925743, "polyline": 51}}, {"model": "main.positions", "pk": 362, "fields": {"index": null, "lat": 42.19950321731984, "lng": 69.96528235942245, "polyline": 51}}, {"model": "main.positions", "pk": 363, "fields": {"index": null, "lat": 42.1993734676015, "lng": 69.96539080914552, "polyline": 51}}, {"model": "main.positions", "pk": 364, "fields": {"index": null, "lat": 42.19927550987353, "lng": 69.96554217421284, "polyline": 51}}, {"model": "main.positions", "pk": 365, "fields": {"index": null, "lat": 42.19815381613717, "lng": 69.96461949431172, "polyline": 51}}, {"model": "main.positions", "pk": 366, "fields": {"index": null, "lat": 42.19729232514337, "lng": 69.9639642040328, "polyline": 51}}, {"model": "main.positions", "pk": 367, "fields": {"index": null, "lat": 42.196603988265664, "lng": 69.96353505059042, "polyline": 51}}, {"model": "main.positions", "pk": 368, "fields": {"index": null, "lat": 42.196247373534156, "lng": 69.96333120270529, "polyline": 51}}, {"model": "main.positions", "pk": 369, "fields": {"index": null, "lat": 42.1959890486067, "lng": 69.96396956845084, "polyline": 51}}, {"model": "main.positions", "pk": 370, "fields": {"index": null, "lat": 42.19573469687721, "lng": 69.96456501885214, "polyline": 51}}, {"model": "main.positions", "pk": 371, "fields": {"index": null, "lat": 42.1956333834647, "lng": 69.96503164185557, "polyline": 51}}, {"model": "main.positions", "pk": 372, "fields": {"index": null, "lat": 42.19550223274393, "lng": 69.96535350693736, "polyline": 51}}, {"model": "main.positions", "pk": 373, "fields": {"index": null, "lat": 42.20162832463929, "lng": 69.92891812087996, "polyline": 52}}, {"model": "main.positions", "pk": 374, "fields": {"index": null, "lat": 42.201135561210435, "lng": 69.92994808914167, "polyline": 52}}, {"model": "main.positions", "pk": 375, "fields": {"index": null, "lat": 42.20083354301588, "lng": 69.93067764999373, "polyline": 52}}, {"model": "main.positions", "pk": 376, "fields": {"index": null, "lat": 42.20005464732568, "lng": 69.93140721084578, "polyline": 52}}, {"model": "main.positions", "pk": 377, "fields": {"index": null, "lat": 42.198862441450125, "lng": 69.93235134841902, "polyline": 52}}, {"model": "main.positions", "pk": 378, "fields": {"index": null, "lat": 42.1984968271416, "lng": 69.93308090927107, "polyline": 52}}, {"model": "main.positions", "pk": 379, "fields": {"index": null, "lat": 42.198544516084425, "lng": 69.93454003097517, "polyline": 52}}, {"model": "main.positions", "pk": 380, "fields": {"index": null, "lat": 42.198719375233516, "lng": 69.9364712214659, "polyline": 52}}, {"model": "main.positions", "pk": 381, "fields": {"index": null, "lat": 42.19930753427492, "lng": 69.93956112625105, "polyline": 52}}, {"model": "main.positions", "pk": 382, "fields": {"index": null, "lat": 42.20002285546092, "lng": 69.94333767654402, "polyline": 52}}, {"model": "main.positions", "pk": 383, "fields": {"index": null, "lat": 42.200547419184154, "lng": 69.94754338027937, "polyline": 52}}, {"model": "main.positions", "pk": 384, "fields": {"index": null, "lat": 42.199736727958246, "lng": 69.95101952316267, "polyline": 52}}, {"model": "main.positions", "pk": 385, "fields": {"index": null, "lat": 42.19870347896722, "lng": 69.95350861312849, "polyline": 52}}, {"model": "main.positions", "pk": 386, "fields": {"index": null, "lat": 42.19821069272893, "lng": 69.95616936447126, "polyline": 52}}, {"model": "main.positions", "pk": 387, "fields": {"index": null, "lat": 42.196764104477154, "lng": 69.95960259201033, "polyline": 52}}, {"model": "main.positions", "pk": 388, "fields": {"index": null, "lat": 42.19210366838489, "lng": 69.97014803158633, "polyline": 52}}, {"model": "main.positions", "pk": 389, "fields": {"index": null, "lat": 42.190291278561936, "lng": 69.97435373532169, "polyline": 52}}, {"model": "main.positions", "pk": 390, "fields": {"index": null, "lat": 42.1904502622047, "lng": 69.97607034909122, "polyline": 52}}, {"model": "main.positions", "pk": 391, "fields": {"index": null, "lat": 42.19022768499286, "lng": 69.97735780941836, "polyline": 52}}, {"model": "main.positions", "pk": 392, "fields": {"index": null, "lat": 42.18828805040235, "lng": 69.97804445492618, "polyline": 52}}, {"model": "main.positions", "pk": 393, "fields": {"index": null, "lat": 42.212892231209594, "lng": 69.93208516533109, "polyline": 53}}, {"model": "main.positions", "pk": 394, "fields": {"index": null, "lat": 42.21072242176987, "lng": 69.93092733855612, "polyline": 53}}, {"model": "main.positions", "pk": 395, "fields": {"index": null, "lat": 42.21017012910979, "lng": 69.93083077903158, "polyline": 53}}, {"model": "main.positions", "pk": 396, "fields": {"index": null, "lat": 42.209331352143224, "lng": 69.93052474027472, "polyline": 53}}, {"model": "main.positions", "pk": 397, "fields": {"index": null, "lat": 42.20882672850262, "lng": 69.93018141752081, "polyline": 53}}, {"model": "main.positions", "pk": 398, "fields": {"index": null, "lat": 42.2080444989715, "lng": 69.92969171084596, "polyline": 53}}, {"model": "main.positions", "pk": 399, "fields": {"index": null, "lat": 42.20665205545314, "lng": 69.92859581901696, "polyline": 53}}, {"model": "main.positions", "pk": 400, "fields": {"index": null, "lat": 42.205781838253415, "lng": 69.927522935411, "polyline": 53}}, {"model": "main.positions", "pk": 401, "fields": {"index": null, "lat": 42.205452026775895, "lng": 69.92680410339501, "polyline": 53}}, {"model": "main.positions", "pk": 402, "fields": {"index": null, "lat": 42.20518579215863, "lng": 69.92629984810021, "polyline": 53}}, {"model": "main.positions", "pk": 403, "fields": {"index": null, "lat": 42.20351403209419, "lng": 69.9509128910315, "polyline": 54}}, {"model": "main.positions", "pk": 404, "fields": {"index": null, "lat": 42.20280531918912, "lng": 69.95021103221484, "polyline": 54}}, {"model": "main.positions", "pk": 405, "fields": {"index": null, "lat": 42.20199823350394, "lng": 69.9492973278817, "polyline": 54}}, {"model": "main.positions", "pk": 406, "fields": {"index": null, "lat": 42.201058046952575, "lng": 69.94842629561317, "polyline": 54}}, {"model": "main.positions", "pk": 407, "fields": {"index": null, "lat": 42.200545409323254, "lng": 69.94801859984291, "polyline": 54}}, {"model": "main.positions", "pk": 408, "fields": {"index": null, "lat": 42.20126691763055, "lng": 69.96411990526387, "polyline": 55}}, {"model": "main.positions", "pk": 409, "fields": {"index": null, "lat": 42.201270891536275, "lng": 69.96475290659139, "polyline": 55}}, {"model": "main.positions", "pk": 410, "fields": {"index": null, "lat": 42.2014974037497, "lng": 69.96528934839436, "polyline": 55}}, {"model": "main.positions", "pk": 411, "fields": {"index": null, "lat": 42.20208156307899, "lng": 69.96566485765645, "polyline": 55}}, {"model": "main.positions", "pk": 412, "fields": {"index": null, "lat": 42.20254650235873, "lng": 69.96558975580403, "polyline": 55}}, {"model": "main.positions", "pk": 413, "fields": {"index": null, "lat": 42.202614057354026, "lng": 69.96534299257466, "polyline": 55}}, {"model": "main.positions", "pk": 414, "fields": {"index": null, "lat": 42.2020855369335, "lng": 69.96484946611592, "polyline": 55}}, {"model": "main.positions", "pk": 415, "fields": {"index": null, "lat": 42.20147103912048, "lng": 69.964226490778, "polyline": 55}}, {"model": "main.positions", "pk": 416, "fields": {"index": null, "lat": 42.20089482200572, "lng": 69.96379733733562, "polyline": 55}}, {"model": "main.positions", "pk": 417, "fields": {"index": null, "lat": 42.2001352919023, "lng": 69.96316447009261, "polyline": 55}}, {"model": "main.positions", "pk": 418, "fields": {"index": null, "lat": 42.199536386422444, "lng": 69.96273411679361, "polyline": 55}}, {"model": "main.positions", "pk": 419, "fields": {"index": null, "lat": 42.19888938178771, "lng": 69.96235441900221, "polyline": 55}}, {"model": "main.positions", "pk": 420, "fields": {"index": null, "lat": 42.198482079814646, "lng": 69.96181226955763, "polyline": 55}}, {"model": "main.positions", "pk": 421, "fields": {"index": null, "lat": 42.197945576602876, "lng": 69.96143676029554, "polyline": 55}}, {"model": "main.positions", "pk": 422, "fields": {"index": null, "lat": 42.19739317224028, "lng": 69.96080375896803, "polyline": 55}}, {"model": "main.positions", "pk": 423, "fields": {"index": null, "lat": 42.196681795480366, "lng": 69.96037460552564, "polyline": 55}}, {"model": "main.positions", "pk": 424, "fields": {"index": null, "lat": 42.20208923054582, "lng": 69.96747659310851, "polyline": 56}}, {"model": "main.positions", "pk": 425, "fields": {"index": null, "lat": 42.200557795502306, "lng": 69.96619986161743, "polyline": 56}}, {"model": "main.positions", "pk": 426, "fields": {"index": null, "lat": 42.19950774565675, "lng": 69.96528013991811, "polyline": 56}}, {"model": "main.positions", "pk": 427, "fields": {"index": null, "lat": 42.199321960166316, "lng": 69.96552872700906, "polyline": 56}}, {"model": "main.positions", "pk": 428, "fields": {"index": null, "lat": 42.19630845928622, "lng": 69.96331967314039, "polyline": 56}}, {"model": "main.positions", "pk": 429, "fields": {"index": null, "lat": 42.19589513929494, "lng": 69.96413506468092, "polyline": 56}}, {"model": "main.positions", "pk": 430, "fields": {"index": null, "lat": 42.19563681292768, "lng": 69.96459640463148, "polyline": 56}}, {"model": "main.positions", "pk": 431, "fields": {"index": null, "lat": 42.19506849120282, "lng": 69.96404923399244, "polyline": 56}}, {"model": "main.positions", "pk": 432, "fields": {"index": null, "lat": 42.19920915626653, "lng": 69.93868960012303, "polyline": 57}}, {"model": "main.positions", "pk": 433, "fields": {"index": null, "lat": 42.199821154734394, "lng": 69.94216574300633, "polyline": 57}}, {"model": "main.positions", "pk": 434, "fields": {"index": null, "lat": 42.200353668059165, "lng": 69.94420422185765, "polyline": 57}}, {"model": "main.positions", "pk": 435, "fields": {"index": null, "lat": 42.200520574296924, "lng": 69.94699371923313, "polyline": 57}}, {"model": "main.positions", "pk": 436, "fields": {"index": null, "lat": 42.20013112572303, "lng": 69.94943989385472, "polyline": 57}}, {"model": "main.positions", "pk": 437, "fields": {"index": null, "lat": 42.199535026318415, "lng": 69.95203627218113, "polyline": 57}}, {"model": "main.positions", "pk": 445, "fields": {"index": null, "lat": 42.19051033764799, "lng": 69.97412829330624, "polyline": 59}}, {"model": "main.positions", "pk": 446, "fields": {"index": null, "lat": 42.19405556562674, "lng": 69.96623186996639, "polyline": 59}}, {"model": "main.positions", "pk": 447, "fields": {"index": null, "lat": 42.19747342225708, "lng": 69.9579492085284, "polyline": 59}}, {"model": "main.positions", "pk": 448, "fields": {"index": null, "lat": 42.20171829165747, "lng": 69.92921604725989, "polyline": 60}}, {"model": "main.positions", "pk": 449, "fields": {"index": null, "lat": 42.20129705924199, "lng": 69.9297954044071, "polyline": 60}}, {"model": "main.positions", "pk": 450, "fields": {"index": null, "lat": 42.20106657239202, "lng": 69.9304605922428, "polyline": 60}}, {"model": "main.positions", "pk": 451, "fields": {"index": null, "lat": 42.199620049517364, "lng": 69.93183388325842, "polyline": 60}}, {"model": "main.positions", "pk": 452, "fields": {"index": null, "lat": 42.198520544187815, "lng": 69.9327973975684, "polyline": 60}}, {"model": "main.positions", "pk": 453, "fields": {"index": null, "lat": 42.198684747400236, "lng": 69.93491265836371, "polyline": 60}}, {"model": "main.positions", "pk": 454, "fields": {"index": null, "lat": 42.19906906957627, "lng": 69.93750703644457, "polyline": 60}}, {"model": "main.positions", "pk": 455, "fields": {"index": null, "lat": 42.19961850030007, "lng": 69.94055046431049, "polyline": 60}}, {"model": "main.positions", "pk": 456, "fields": {"index": null, "lat": 42.20035828130514, "lng": 69.94400122031267, "polyline": 60}}, {"model": "main.positions", "pk": 457, "fields": {"index": null, "lat": 42.20052580708558, "lng": 69.94745197631485, "polyline": 60}}, {"model": "main.positions", "pk": 458, "fields": {"index": null, "lat": 42.199381298410884, "lng": 69.95256376375839, "polyline": 60}}, {"model": "main.positions", "pk": 459, "fields": {"index": null, "lat": 42.1981413906201, "lng": 69.95632221107456, "polyline": 60}}, {"model": "main.positions", "pk": 460, "fields": {"index": null, "lat": 42.19604726402511, "lng": 69.96225526972174, "polyline": 60}}, {"model": "main.positions", "pk": 461, "fields": {"index": null, "lat": 42.19363088348924, "lng": 69.96740511103033, "polyline": 60}}, {"model": "main.positions", "pk": 462, "fields": {"index": null, "lat": 42.19102363245309, "lng": 69.97332742853521, "polyline": 60}}, {"model": "main.positions", "pk": 463, "fields": {"index": null, "lat": 42.212476352870674, "lng": 69.93832589082547, "polyline": 61}}, {"model": "main.positions", "pk": 464, "fields": {"index": null, "lat": 42.21041025466924, "lng": 69.93532181672879, "polyline": 61}}, {"model": "main.positions", "pk": 465, "fields": {"index": null, "lat": 42.20745402741267, "lng": 69.93180275850125, "polyline": 61}}, {"model": "main.positions", "pk": 466, "fields": {"index": null, "lat": 42.20449766180844, "lng": 69.92978573732205, "polyline": 61}}, {"model": "main.positions", "pk": 467, "fields": {"index": null, "lat": 42.20360754614272, "lng": 69.92918492250271, "polyline": 61}}, {"model": "main.positions", "pk": 468, "fields": {"index": null, "lat": 42.21090761763816, "lng": 69.96081818732054, "polyline": 62}}, {"model": "main.positions", "pk": 469, "fields": {"index": null, "lat": 42.20734744098693, "lng": 69.96236313971312, "polyline": 62}}, {"model": "main.positions", "pk": 470, "fields": {"index": null, "lat": 42.20168889024431, "lng": 69.96588219794066, "polyline": 62}}, {"model": "main.positions", "pk": 471, "fields": {"index": null, "lat": 42.19889121727215, "lng": 69.9694012561682, "polyline": 62}}, {"model": "main.positions", "pk": 472, "fields": {"index": null, "lat": 42.19488524259505, "lng": 69.97257699164183, "polyline": 62}}, {"model": "main.positions", "pk": 473, "fields": {"index": null, "lat": 42.20473836635174, "lng": 69.94221363823902, "polyline": 63}}, {"model": "main.positions", "pk": 474, "fields": {"index": null, "lat": 42.20744041607991, "lng": 69.94272862236988, "polyline": 63}}, {"model": "main.positions", "pk": 475, "fields": {"index": null, "lat": 42.21115951903612, "lng": 69.94753514092457, "polyline": 63}}, {"model": "main.positions", "pk": 476, "fields": {"index": null, "lat": 42.205850989059634, "lng": 69.95397244256031, "polyline": 63}}, {"model": "main.positions", "pk": 477, "fields": {"index": null, "lat": 42.199461088940346, "lng": 69.95131169121754, "polyline": 63}}, {"model": "main.positions", "pk": 478, "fields": {"index": null, "lat": 42.19828476824164, "lng": 69.94178448479664, "polyline": 63}}, {"model": "main.positions", "pk": 479, "fields": {"index": null, "lat": 42.203085290718, "lng": 69.9379221038152, "polyline": 63}}, {"model": "city.ruraldistrict", "pk": 1, "fields": {"name": "Алатау", "image": "Rurals/alatau.jpeg", "lat": 42.250755279943114, "lng": 70.0127565871984}}, {"model": "city.ruraldistrict", "pk": 2, "fields": {"name": "Аққұм", "image": "Rurals/akkum.jpeg", "lat": 42.19705782897213, "lng": 69.95598711561539}}, {"model": "city.ruraldistrict", "pk": 3, "fields": {"name": "Бірінші мамыр", "image": "Rurals/845FCAFD-23BB-48C7-8AE4-F08538E5E71A.jpeg", "lat": 42.2586698268073, "lng": 69.9137922314439}}, {"model": "city.ruraldistrict", "pk": 4, "fields": {"name": "Жоғарғы Ақсу", "image": "Rurals/aksu_tSlNLXP.jpeg", "lat": 42.305258038254074, "lng": 69.95237949248299}}, {"model": "city.ruraldistrict", "pk": 5, "fields": {"name": "Зертас", "image": "Rurals/C8EA3F3F-6BBE-4F01-B1AF-19F61360557A.jpeg", "lat": 42.25129213541421, "lng": 70.01710475318427}}, {"model": "city.ruraldistrict", "pk": 6, "fields": {"name": "Кемеқалған", "image": "Rurals/kemelakgan.jpeg", "lat": 42.19645347927284, "lng": 69.9411836699773}}, {"model": "city.ruraldistrict", "pk": 7, "fields": {"name": "Киелітас", "image": "Rurals/8BA94249-016E-4FD9-8414-BAF80538E9D6.jpeg", "lat": 42.104957510876375, "lng": 69.8903432101843}}, {"model": "city.ruraldistrict", "pk": 8, "fields": {"name": "Көксәйек", "image": "Rurals/kokseiesz.jpeg", "lat": 42.19000989934326, "lng": 69.83072208879044}}, {"model": "city.ruraldistrict", "pk": 9, "fields": {"name": "Қаратөбе", "image": "Rurals/karatobe-balalar-ojyn-alany-2.jpg", "lat": 42.16415031721661, "lng": 69.91752164061072}}, {"model": "city.ruraldistrict", "pk": 10, "fields": {"name": "Қасқасу", "image": "Rurals/F37B8E9E-2562-49CF-BB29-CA5BCA30A8B5.jpeg", "lat": 42.18335618388589, "lng": 69.91587492170176}}, {"model": "city.ruraldistrict", "pk": 11, "fields": {"name": "Қоғалы", "image": "Rurals/kogaly.jpg", "lat": 42.19805066019389, "lng": 69.83614573804927}}, {"model": "city.ruraldistrict", "pk": 12, "fields": {"name": "Ленгер", "image": "Rurals/lenger.jpeg", "lat": 42.17248833725657, "lng": 69.878398726246}}, {"model": "city.ruraldistrict", "pk": 13, "fields": {"name": "Тасарық", "image": "Rurals/akkum_wONLERO.jpeg", "lat": 41.62918967075687, "lng": 69.44248549363411}}, {"model": "city.localities", "pk": 1, "fields": {"name": "Жаңа ұйым", "image": "Localities/жана.jpeg", "lat": 42.19705782897213, "lng": 69.95598711561539, "rural": 2}}, {"model": "city.localities", "pk": 2, "fields": {"name": "Аққұм", "image": "Localities/akkum_wSGhlpf.jpeg", "lat": 42.19705782897213, "lng": 69.95598711561539, "rural": 2}}, {"model": "city.localities", "pk": 3, "fields": {"name": "Момынай", "image": "Localities/07598F95-0C4F-4A8A-A4D2-982C819A4D56.jpeg", "lat": 42.19705782897213, "lng": 69.95598711561539, "rural": 2}}, {"model": "city.diametr", "pk": 1, "fields": {"diametr": "100"}}, {"model": "city.diametr", "pk": 2, "fields": {"diametr": "63"}}, {"model": "city.diametr", "pk": 3, "fields": {"diametr": "32"}}, {"model": "city.localitieswater", "pk": 1, "fields": {"streetCount": 7, "populationCount": 1620, "subscribersCount": 240, "springSource": "Ұңғыма, бұлақ", "waterDebit": "258,24 тәулік/м3", "waterReserves": "Бекітілмеген", "waterLength": "11,64", "yearConstruction": 1968, "waterStructure": "Темір және полиэтиленді құбарлар", "newPipes": "2,1   (диаметр - 100мм)", "newYearConstruction": 2021, "needToUpdate": "1,3  (дм-100 мм)", "wateMetersCount": 242, "localities": 2, "diametress": [1, 2, 3]}}, {"model": "city.localitieswater", "pk": 2, "fields": {"streetCount": 1, "populationCount": 1, "subscribersCount": 1, "springSource": "adfascsd", "waterDebit": "vsdvf", "waterReserves": "asdasd", "waterLength": "asdas", "yearConstruction": 313, "waterStructure": "dcsd", "newPipes": "adasd", "newYearConstruction": 113, "needToUpdate": "asdas", "wateMetersCount": 323, "localities": 1, "diametress": [1]}}, {"model": "city.localitieselectr", "pk": 1, "fields": {"length": 11720, "cipLength": 11545, "baganaNumber": 308, "bOJT": 247, "aOJT": 14, "cipOJT": 3805, "tmOJT": 7720, "bCOM": 45, "aCOM": 0, "cipCOM": 0, "tmOCOM": 1560, "bOZ": 1, "aOZ": 1, "cipOZ": 0, "tmOOZ": 0, "trbaganaNumber": 80, "trNumber": 2, "trCip": 985, "trVl": 4889, "localities": 2}}, {"model": "city.localitiesgas", "pk": 1, "fields": {"subscribersCount": 402, "gasLength": "27 747", "bottomGasLength": "22 024", "topGasLength": "5720", "typeGas": "Темір және полиэтиленді құбырлар", "volumeGas": "3 494 м3/сағат", "grpsh": "396", "yearConstruction": 2010, "localities": 2}}]