[{"model": "main.polylinetypes", "pk": 1, "fields": {"name": "Жол"}}, {"model": "main.polylinetypes", "pk": 2, "fields": {"name": "Су"}}, {"model": "main.polylinetypes", "pk": 3, "fields": {"name": "Электр"}}, {"model": "main.polylinetypes", "pk": 4, "fields": {"name": "Газ"}}, {"model": "main.relevant", "pk": 1, "fields": {"question": "Әлі ата көшесіндегі 1 дана трансформаторды ауыстыру  мәселесі", "solution": "Аққұм елді мекені, Әлі Ата көшесі бойындағы ОЖТ меншігіндегі 1 трансформаторды (КТПН 0,4/10кВт) ауыстыру қажет.\r\n«ОЖТ» ЖШС ұсыныс беріліп, 2022 жылға инвес бағдалма аясында ауыстыру жоспарына енгізілді.", "waiting_result": "Трансформатор (КТПН 0,4/10кВт) ауысқан жағдайда жалпы 41 абонент сапалы электр жүйесімен қамтылатын болады.", "localty": 2, "type": 3}}, {"model": "main.relevant", "pk": 2, "fields": {"question": "Аққұм елді мекеніндегі ішкі ауыз су құбырларын жаңарту мәселесі.", "solution": "Аққұм елді мекеніндегі ішкі ауыз су құбырлары темір және полиэтиленді құбырлармен 1968 жылы салынған. Ішкі құбырлардың ішінде 1,3 шақырымы ( дм 100мм) құбыры тозығы жеткен. Жаңартуды қажет етеді. Одан бөлек  су көзінің каптажын, санитарлық аймағын ағымдағы жөндеуден өткізу қажет. \r\nБүгінге ағымдағы жөндейден өткізуге қажетті 4,0 млн теңгеге сметалық құжатты әзірленіп, бюджеттік өтінім берілді.", "waiting_result": "Ақұм елді мекеніндегі ішкі құбырлар жаңартылып, су көзіне санитарлық талаптарға сәйкес қоршалса 242 жуық абонент сапалы ауыз сумен қамтылады.", "localty": 2, "type": 2}}, {"model": "main.relevant", "pk": 3, "fields": {"question": "Ащы көшесін ағымдағы жөндеуден өткізу мәселесі.", "solution": "Аққұм елді мекеніндегі ішкі Ащы көшесін ағымдағы жөндеуден өткізуге қажетті 15 515,9 мың теңгеге  сметалық құжатты әзірленіп, бюджеттік өтінім берілді.", "waiting_result": "Аққұм елді мекеніндегі ішкі 1170 метр жол жөнделіп, тұрғындар сапалы жолмен қамтылады.", "localty": 2, "type": 1}}, {"model": "main.polyline", "pk": 43, "fields": {"km": 551, "name": "Әлі ата", "color": "#FFD15D", "localities": 2, "typeMarker": 1}}, {"model": "main.polyline", "pk": 44, "fields": {"km": 4467, "name": "Қапал батыр", "color": "#FFD15D", "localities": 2, "typeMarker": 1}}, {"model": "main.polyline", "pk": 45, "fields": {"km": 1071, "name": "Ащы", "color": "#FFD15D", "localities": 2, "typeMarker": 1}}, {"model": "main.polyline", "pk": 46, "fields": {"km": 368, "name": "Кеңсай", "color": "#FFD15D", "localities": 2, "typeMarker": 1}}, {"model": "main.polyline", "pk": 47, "fields": {"km": 392, "name": "Алтынтобе", "color": "#FF0000", "localities": 2, "typeMarker": 1}}, {"model": "main.polyline", "pk": 48, "fields": {"km": 575, "name": "Наурыз", "color": "#FFD15D", "localities": 2, "typeMarker": 1}}, {"model": "main.polyline", "pk": 49, "fields": {"km": 1011, "name": "Ақдала", "color": "#FFD15D", "localities": 2, "typeMarker": 1}}, {"model": "main.polyline", "pk": 51, "fields": {"km": 907, "name": "Жалгыз Агаш", "color": "#FFD15D", "localities": 2, "typeMarker": 1}}, {"model": "main.polyline", "pk": 52, "fields": {"km": 4472, "name": "Қапал батыр", "color": "#006AFD", "localities": 2, "typeMarker": 2}}, {"model": "main.polyline", "pk": 53, "fields": {"km": 957, "name": "Ащы", "color": "#006AFD", "localities": 2, "typeMarker": 2}}, {"model": "main.polyline", "pk": 54, "fields": {"km": 342, "name": "Кеңсай", "color": "#006AFD", "localities": 2, "typeMarker": 2}}, {"model": "main.polyline", "pk": 55, "fields": {"km": 944, "name": "Ақдала", "color": "#006AFD", "localities": 2, "typeMarker": 2}}, {"model": "main.polyline", "pk": 56, "fields": {"km": 879, "name": "Жалгыз Агаш", "color": "#006AFD", "localities": 2, "typeMarker": 2}}, {"model": "main.polyline", "pk": 57, "fields": {"km": 910, "name": "Қызыласкер су Құбыры", "color": null, "localities": 2, "typeMarker": 3}}, {"model": "main.polyline", "pk": 59, "fields": {"km": 761, "name": "Актас", "color": null, "localities": 2, "typeMarker": 3}}, {"model": "main.polyline", "pk": 60, "fields": {"km": 3528, "name": "Капал батыр", "color": null, "localities": 2, "typeMarker": 4}}, {"model": "main.polyline", "pk": 61, "fields": {"km": 1145, "name": "Ащы", "color": null, "localities": 2, "typeMarker": 4}}, {"model": "main.polyline", "pk": 62, "fields": {"km": 1535, "name": "Кенсая", "color": null, "localities": 2, "typeMarker": 4}}, {"model": "main.polyline", "pk": 63, "fields": {"km": 3212, "name": "Актас", "color": null, "localities": 2, "typeMarker": 4}}, {"model": "main.polylineroad", "pk": 1, "fields": {"width": "12", "hectar": "5.66676", "beton": "4722", "goodSituation": "4722", "badSituation": null, "yearConstruction": "2013", "polyline": 44}}, {"model": "main.polylineroad", "pk": 2, "fields": {"width": "12", "hectar": "0.62", "beton": "517", "goodSituation": "517", "badSituation": null, "yearConstruction": "2018", "polyline": 46}}, {"model": "main.polylineroad", "pk": 3, "fields": {"width": "10", "hectar": "0.64", "beton": "647", "goodSituation": "647", "badSituation": null, "yearConstruction": "1996", "polyline": 47}}, {"model": "main.polylineroad", "pk": 4, "fields": {"width": "10", "hectar": "1.57", "beton": "1578", "goodSituation": "1578", "badSituation": null, "yearConstruction": "2009", "polyline": 43}}, {"model": "main.polylineroad", "pk": 5, "fields": {"width": "8", "hectar": "1.01", "beton": "1263", "goodSituation": "1263", "badSituation": null, "yearConstruction": "2016", "polyline": 49}}, {"model": "main.polylineroad", "pk": 6, "fields": {"width": "9", "hectar": "1.43", "beton": "1593", "goodSituation": "1593", "badSituation": null, "yearConstruction": "2017", "polyline": 51}}, {"model": "main.polylineroad", "pk": 7, "fields": {"width": "8", "hectar": "0.60", "beton": "750", "goodSituation": "750", "badSituation": null, "yearConstruction": "2017", "polyline": 48}}, {"model": "main.polylineroad", "pk": 8, "fields": {"width": "12", "hectar": "1.2", "beton": "1050", "goodSituation": "1050", "badSituation": null, "yearConstruction": "2016", "polyline": 45}}, {"model": "main.positions", "pk": 247, "fields": {"index": null, "lat": 42.202447060188874, "lng": 69.96181695282856, "polyline": 43}}, {"model": "main.positions", "pk": 248, "fields": {"index": null, "lat": 42.20191269768105, "lng": 69.96095643955644, "polyline": 43}}, {"model": "main.positions", "pk": 249, "fields": {"index": null, "lat": 42.20158193258772, "lng": 69.9605798271007, "polyline": 43}}, {"model": "main.positions", "pk": 250, "fields": {"index": null, "lat": 42.20128295700967, "lng": 69.96095423316909, "polyline": 43}}, {"model": "main.positions", "pk": 251, "fields": {"index": null, "lat": 42.20142753766009, "lng": 69.96077129135922, "polyline": 43}}, {"model": "main.positions", "pk": 252, "fields": {"index": null, "lat": 42.20156615714943, "lng": 69.96056689187725, "polyline": 43}}, {"model": "main.positions", "pk": 253, "fields": {"index": null, "lat": 42.20126519454378, "lng": 69.96013663524121, "polyline": 43}}, {"model": "main.positions", "pk": 254, "fields": {"index": null, "lat": 42.20077056142384, "lng": 69.95914737593637, "polyline": 43}}, {"model": "main.positions", "pk": 255, "fields": {"index": null, "lat": 42.19933992788288, "lng": 69.95661537062631, "polyline": 43}}, {"model": "main.positions", "pk": 256, "fields": {"index": null, "lat": 42.19837025784402, "lng": 69.955478114004, "polyline": 43}}, {"model": "main.positions", "pk": 257, "fields": {"index": null, "lat": 42.201708246356354, "lng": 69.92920195292027, "polyline": 44}}, {"model": "main.positions", "pk": 258, "fields": {"index": null, "lat": 42.20169930476095, "lng": 69.92933117852385, "polyline": 44}}, {"model": "main.positions", "pk": 259, "fields": {"index": null, "lat": 42.201520479968195, "lng": 69.92953502640898, "polyline": 44}}, {"model": "main.positions", "pk": 260, "fields": {"index": null, "lat": 42.20133701070014, "lng": 69.92971487708465, "polyline": 44}}, {"model": "main.positions", "pk": 261, "fields": {"index": null, "lat": 42.20118600226476, "lng": 69.93006892867461, "polyline": 44}}, {"model": "main.positions", "pk": 262, "fields": {"index": null, "lat": 42.20105504001611, "lng": 69.9305459943963, "polyline": 44}}, {"model": "main.positions", "pk": 263, "fields": {"index": null, "lat": 42.20040621157187, "lng": 69.93119548898058, "polyline": 44}}, {"model": "main.positions", "pk": 264, "fields": {"index": null, "lat": 42.19961542182537, "lng": 69.93183247716554, "polyline": 44}}, {"model": "main.positions", "pk": 265, "fields": {"index": null, "lat": 42.198697082914805, "lng": 69.9325865617631, "polyline": 44}}, {"model": "main.positions", "pk": 266, "fields": {"index": null, "lat": 42.19851796815996, "lng": 69.93304526623068, "polyline": 44}}, {"model": "main.positions", "pk": 267, "fields": {"index": null, "lat": 42.19849412368304, "lng": 69.9335173350173, "polyline": 44}}, {"model": "main.positions", "pk": 268, "fields": {"index": null, "lat": 42.19869282738254, "lng": 69.93484771068869, "polyline": 44}}, {"model": "main.positions", "pk": 269, "fields": {"index": null, "lat": 42.19873256804745, "lng": 69.93611371334372, "polyline": 44}}, {"model": "main.positions", "pk": 270, "fields": {"index": null, "lat": 42.19907433673403, "lng": 69.93743336017904, "polyline": 44}}, {"model": "main.positions", "pk": 271, "fields": {"index": null, "lat": 42.19934457113108, "lng": 69.93894612606344, "polyline": 44}}, {"model": "main.positions", "pk": 272, "fields": {"index": null, "lat": 42.19959890833142, "lng": 69.94085585888205, "polyline": 44}}, {"model": "main.positions", "pk": 273, "fields": {"index": null, "lat": 42.19990888041025, "lng": 69.94286215122519, "polyline": 44}}, {"model": "main.positions", "pk": 274, "fields": {"index": null, "lat": 42.20028243448483, "lng": 69.94390284832296, "polyline": 44}}, {"model": "main.positions", "pk": 275, "fields": {"index": null, "lat": 42.20044139299571, "lng": 69.94509374912558, "polyline": 44}}, {"model": "main.positions", "pk": 276, "fields": {"index": null, "lat": 42.20047318464991, "lng": 69.94656359966574, "polyline": 44}}, {"model": "main.positions", "pk": 277, "fields": {"index": null, "lat": 42.20053676791027, "lng": 69.94765794094381, "polyline": 44}}, {"model": "main.positions", "pk": 278, "fields": {"index": null, "lat": 42.20029833035392, "lng": 69.94892394359884, "polyline": 44}}, {"model": "main.positions", "pk": 279, "fields": {"index": null, "lat": 42.20006783986084, "lng": 69.94973933513937, "polyline": 44}}, {"model": "main.positions", "pk": 280, "fields": {"index": null, "lat": 42.19971812854168, "lng": 69.95069420154867, "polyline": 44}}, {"model": "main.positions", "pk": 281, "fields": {"index": null, "lat": 42.19947968789622, "lng": 69.95184218700705, "polyline": 44}}, {"model": "main.positions", "pk": 282, "fields": {"index": null, "lat": 42.1993763633371, "lng": 69.9525717478591, "polyline": 44}}, {"model": "main.positions", "pk": 283, "fields": {"index": null, "lat": 42.19912997332201, "lng": 69.9530223589736, "polyline": 44}}, {"model": "main.positions", "pk": 284, "fields": {"index": null, "lat": 42.19868487924654, "lng": 69.9539772253829, "polyline": 44}}, {"model": "main.positions", "pk": 285, "fields": {"index": null, "lat": 42.19829541935878, "lng": 69.95536124523458, "polyline": 44}}, {"model": "main.positions", "pk": 286, "fields": {"index": null, "lat": 42.1982159374541, "lng": 69.95611226375875, "polyline": 44}}, {"model": "main.positions", "pk": 287, "fields": {"index": null, "lat": 42.197890060599796, "lng": 69.95704567249594, "polyline": 44}}, {"model": "main.positions", "pk": 288, "fields": {"index": null, "lat": 42.197405216316234, "lng": 69.95848333652792, "polyline": 44}}, {"model": "main.positions", "pk": 289, "fields": {"index": null, "lat": 42.19662627836704, "lng": 69.96018922146139, "polyline": 44}}, {"model": "main.positions", "pk": 290, "fields": {"index": null, "lat": 42.19589920544191, "lng": 69.96185783816904, "polyline": 44}}, {"model": "main.positions", "pk": 291, "fields": {"index": null, "lat": 42.19541434588406, "lng": 69.96300582362741, "polyline": 44}}, {"model": "main.positions", "pk": 292, "fields": {"index": null, "lat": 42.1910734558335, "lng": 69.97263671668674, "polyline": 44}}, {"model": "main.positions", "pk": 293, "fields": {"index": null, "lat": 42.1908349825706, "lng": 69.9733877352109, "polyline": 44}}, {"model": "main.positions", "pk": 294, "fields": {"index": null, "lat": 42.1904216267836, "lng": 69.97407438071872, "polyline": 44}}, {"model": "main.positions", "pk": 295, "fields": {"index": null, "lat": 42.190660101606014, "lng": 69.97536184104587, "polyline": 44}}, {"model": "main.positions", "pk": 296, "fields": {"index": null, "lat": 42.19064420331253, "lng": 69.97634889396335, "polyline": 44}}, {"model": "main.positions", "pk": 297, "fields": {"index": null, "lat": 42.190246744675356, "lng": 69.97714282783176, "polyline": 44}}, {"model": "main.positions", "pk": 298, "fields": {"index": null, "lat": 42.1899287759662, "lng": 69.97737886222507, "polyline": 44}}, {"model": "main.positions", "pk": 299, "fields": {"index": null, "lat": 42.21421635508344, "lng": 69.93236290500799, "polyline": 45}}, {"model": "main.positions", "pk": 300, "fields": {"index": null, "lat": 42.21190732116896, "lng": 69.93165480182806, "polyline": 45}}, {"model": "main.positions", "pk": 301, "fields": {"index": null, "lat": 42.210552683576026, "lng": 69.93088232563177, "polyline": 45}}, {"model": "main.positions", "pk": 302, "fields": {"index": null, "lat": 42.20952322591097, "lng": 69.93064318366042, "polyline": 45}}, {"model": "main.positions", "pk": 303, "fields": {"index": null, "lat": 42.208604475768404, "lng": 69.93007010640936, "polyline": 45}}, {"model": "main.positions", "pk": 304, "fields": {"index": null, "lat": 42.20764733599932, "lng": 69.92936148875461, "polyline": 45}}, {"model": "main.positions", "pk": 305, "fields": {"index": null, "lat": 42.206430904826185, "lng": 69.92825463181786, "polyline": 45}}, {"model": "main.positions", "pk": 306, "fields": {"index": null, "lat": 42.20558013901965, "lng": 69.92716478645715, "polyline": 45}}, {"model": "main.positions", "pk": 307, "fields": {"index": null, "lat": 42.20514422027833, "lng": 69.92611866630796, "polyline": 45}}, {"model": "main.positions", "pk": 308, "fields": {"index": null, "lat": 42.2035279251574, "lng": 69.95106910765283, "polyline": 46}}, {"model": "main.positions", "pk": 309, "fields": {"index": null, "lat": 42.202852381725315, "lng": 69.9501464277517, "polyline": 46}}, {"model": "main.positions", "pk": 310, "fields": {"index": null, "lat": 42.2021623811336, "lng": 69.94932523291482, "polyline": 46}}, {"model": "main.positions", "pk": 311, "fields": {"index": null, "lat": 42.20156291365228, "lng": 69.94868150275124, "polyline": 46}}, {"model": "main.positions", "pk": 312, "fields": {"index": null, "lat": 42.201010028455016, "lng": 69.94817724745644, "polyline": 46}}, {"model": "main.positions", "pk": 313, "fields": {"index": null, "lat": 42.20062785054585, "lng": 69.94759789030923, "polyline": 46}}, {"model": "main.positions", "pk": 314, "fields": {"index": null, "lat": 42.20194677680395, "lng": 69.95338601933658, "polyline": 47}}, {"model": "main.positions", "pk": 315, "fields": {"index": null, "lat": 42.20178190666282, "lng": 69.95362205372989, "polyline": 47}}, {"model": "main.positions", "pk": 316, "fields": {"index": null, "lat": 42.201685809256, "lng": 69.95407266484439, "polyline": 47}}, {"model": "main.positions", "pk": 317, "fields": {"index": null, "lat": 42.20156371286914, "lng": 69.95431406365573, "polyline": 47}}, {"model": "main.positions", "pk": 318, "fields": {"index": null, "lat": 42.2013560888112, "lng": 69.95445710033184, "polyline": 47}}, {"model": "main.positions", "pk": 319, "fields": {"index": null, "lat": 42.20115266724964, "lng": 69.95451074451213, "polyline": 47}}, {"model": "main.positions", "pk": 320, "fields": {"index": null, "lat": 42.2008971309983, "lng": 69.95457511752849, "polyline": 47}}, {"model": "main.positions", "pk": 321, "fields": {"index": null, "lat": 42.200697836845876, "lng": 69.95461803287273, "polyline": 47}}, {"model": "main.positions", "pk": 322, "fields": {"index": null, "lat": 42.20036835009612, "lng": 69.95427984140038, "polyline": 47}}, {"model": "main.positions", "pk": 323, "fields": {"index": null, "lat": 42.2001801261571, "lng": 69.95384259699019, "polyline": 47}}, {"model": "main.positions", "pk": 324, "fields": {"index": null, "lat": 42.20008386739634, "lng": 69.95376979382485, "polyline": 47}}, {"model": "main.positions", "pk": 325, "fields": {"index": null, "lat": 42.199985621495664, "lng": 69.9536701685694, "polyline": 47}}, {"model": "main.positions", "pk": 326, "fields": {"index": null, "lat": 42.19962001368577, "lng": 69.95345559184821, "polyline": 47}}, {"model": "main.positions", "pk": 327, "fields": {"index": null, "lat": 42.19927824795052, "lng": 69.95317664211066, "polyline": 47}}, {"model": "main.positions", "pk": 328, "fields": {"index": null, "lat": 42.199226585527384, "lng": 69.9531283623484, "polyline": 47}}, {"model": "main.positions", "pk": 329, "fields": {"index": null, "lat": 42.19624377290761, "lng": 69.97667926984376, "polyline": 48}}, {"model": "main.positions", "pk": 330, "fields": {"index": null, "lat": 42.19542849578658, "lng": 69.97559113537731, "polyline": 48}}, {"model": "main.positions", "pk": 331, "fields": {"index": null, "lat": 42.19444920905464, "lng": 69.9745589966864, "polyline": 48}}, {"model": "main.positions", "pk": 332, "fields": {"index": null, "lat": 42.19319357818347, "lng": 69.97362129401924, "polyline": 48}}, {"model": "main.positions", "pk": 333, "fields": {"index": null, "lat": 42.19202508979349, "lng": 69.97270934295418, "polyline": 48}}, {"model": "main.positions", "pk": 334, "fields": {"index": null, "lat": 42.19135737244313, "lng": 69.97215144347908, "polyline": 48}}, {"model": "main.positions", "pk": 335, "fields": {"index": null, "lat": 42.196628907016965, "lng": 69.96040197151412, "polyline": 49}}, {"model": "main.positions", "pk": 336, "fields": {"index": null, "lat": 42.19762244859117, "lng": 69.96105643051375, "polyline": 49}}, {"model": "main.positions", "pk": 337, "fields": {"index": null, "lat": 42.19799601618229, "lng": 69.96150704162825, "polyline": 49}}, {"model": "main.positions", "pk": 338, "fields": {"index": null, "lat": 42.19848085593303, "lng": 69.96186109321822, "polyline": 49}}, {"model": "main.positions", "pk": 339, "fields": {"index": null, "lat": 42.19875904099575, "lng": 69.96225806015242, "polyline": 49}}, {"model": "main.positions", "pk": 340, "fields": {"index": null, "lat": 42.19970486104866, "lng": 69.96292324798812, "polyline": 49}}, {"model": "main.positions", "pk": 341, "fields": {"index": null, "lat": 42.200587083798894, "lng": 69.96359916465987, "polyline": 49}}, {"model": "main.positions", "pk": 342, "fields": {"index": null, "lat": 42.20103216447572, "lng": 69.96389957206954, "polyline": 49}}, {"model": "main.positions", "pk": 343, "fields": {"index": null, "lat": 42.20169183185485, "lng": 69.96447892921675, "polyline": 49}}, {"model": "main.positions", "pk": 344, "fields": {"index": null, "lat": 42.202573521794235, "lng": 69.96528324473418, "polyline": 49}}, {"model": "main.positions", "pk": 345, "fields": {"index": null, "lat": 42.20263710294106, "lng": 69.96549782145537, "polyline": 49}}, {"model": "main.positions", "pk": 346, "fields": {"index": null, "lat": 42.202438411644735, "lng": 69.96563729632415, "polyline": 49}}, {"model": "main.positions", "pk": 347, "fields": {"index": null, "lat": 42.20199334087358, "lng": 69.9657016693405, "polyline": 49}}, {"model": "main.positions", "pk": 348, "fields": {"index": null, "lat": 42.201460841367286, "lng": 69.96516522753753, "polyline": 49}}, {"model": "main.positions", "pk": 349, "fields": {"index": null, "lat": 42.20134162444508, "lng": 69.96499356616057, "polyline": 49}}, {"model": "main.positions", "pk": 350, "fields": {"index": null, "lat": 42.20123830293057, "lng": 69.9644571243576, "polyline": 49}}, {"model": "main.positions", "pk": 351, "fields": {"index": null, "lat": 42.201234329022796, "lng": 69.96419426787413, "polyline": 49}}, {"model": "main.positions", "pk": 361, "fields": {"index": null, "lat": 42.20204950120194, "lng": 69.9674114925743, "polyline": 51}}, {"model": "main.positions", "pk": 362, "fields": {"index": null, "lat": 42.19950321731984, "lng": 69.96528235942245, "polyline": 51}}, {"model": "main.positions", "pk": 363, "fields": {"index": null, "lat": 42.1993734676015, "lng": 69.96539080914552, "polyline": 51}}, {"model": "main.positions", "pk": 364, "fields": {"index": null, "lat": 42.19927550987353, "lng": 69.96554217421284, "polyline": 51}}, {"model": "main.positions", "pk": 365, "fields": {"index": null, "lat": 42.19815381613717, "lng": 69.96461949431172, "polyline": 51}}, {"model": "main.positions", "pk": 366, "fields": {"index": null, "lat": 42.19729232514337, "lng": 69.9639642040328, "polyline": 51}}, {"model": "main.positions", "pk": 367, "fields": {"index": null, "lat": 42.196603988265664, "lng": 69.96353505059042, "polyline": 51}}, {"model": "main.positions", "pk": 368, "fields": {"index": null, "lat": 42.196247373534156, "lng": 69.96333120270529, "polyline": 51}}, {"model": "main.positions", "pk": 369, "fields": {"index": null, "lat": 42.1959890486067, "lng": 69.96396956845084, "polyline": 51}}, {"model": "main.positions", "pk": 370, "fields": {"index": null, "lat": 42.19573469687721, "lng": 69.96456501885214, "polyline": 51}}, {"model": "main.positions", "pk": 371, "fields": {"index": null, "lat": 42.1956333834647, "lng": 69.96503164185557, "polyline": 51}}, {"model": "main.positions", "pk": 372, "fields": {"index": null, "lat": 42.19550223274393, "lng": 69.96535350693736, "polyline": 51}}, {"model": "main.positions", "pk": 373, "fields": {"index": null, "lat": 42.20162832463929, "lng": 69.92891812087996, "polyline": 52}}, {"model": "main.positions", "pk": 374, "fields": {"index": null, "lat": 42.201135561210435, "lng": 69.92994808914167, "polyline": 52}}, {"model": "main.positions", "pk": 375, "fields": {"index": null, "lat": 42.20083354301588, "lng": 69.93067764999373, "polyline": 52}}, {"model": "main.positions", "pk": 376, "fields": {"index": null, "lat": 42.20005464732568, "lng": 69.93140721084578, "polyline": 52}}, {"model": "main.positions", "pk": 377, "fields": {"index": null, "lat": 42.198862441450125, "lng": 69.93235134841902, "polyline": 52}}, {"model": "main.positions", "pk": 378, "fields": {"index": null, "lat": 42.1984968271416, "lng": 69.93308090927107, "polyline": 52}}, {"model": "main.positions", "pk": 379, "fields": {"index": null, "lat": 42.198544516084425, "lng": 69.93454003097517, "polyline": 52}}, {"model": "main.positions", "pk": 380, "fields": {"index": null, "lat": 42.198719375233516, "lng": 69.9364712214659, "polyline": 52}}, {"model": "main.positions", "pk": 381, "fields": {"index": null, "lat": 42.19930753427492, "lng": 69.93956112625105, "polyline": 52}}, {"model": "main.positions", "pk": 382, "fields": {"index": null, "lat": 42.20002285546092, "lng": 69.94333767654402, "polyline": 52}}, {"model": "main.positions", "pk": 383, "fields": {"index": null, "lat": 42.200547419184154, "lng": 69.94754338027937, "polyline": 52}}, {"model": "main.positions", "pk": 384, "fields": {"index": null, "lat": 42.199736727958246, "lng": 69.95101952316267, "polyline": 52}}, {"model": "main.positions", "pk": 385, "fields": {"index": null, "lat": 42.19870347896722, "lng": 69.95350861312849, "polyline": 52}}, {"model": "main.positions", "pk": 386, "fields": {"index": null, "lat": 42.19821069272893, "lng": 69.95616936447126, "polyline": 52}}, {"model": "main.positions", "pk": 387, "fields": {"index": null, "lat": 42.196764104477154, "lng": 69.95960259201033, "polyline": 52}}, {"model": "main.positions", "pk": 388, "fields": {"index": null, "lat": 42.19210366838489, "lng": 69.97014803158633, "polyline": 52}}, {"model": "main.positions", "pk": 389, "fields": {"index": null, "lat": 42.190291278561936, "lng": 69.97435373532169, "polyline": 52}}, {"model": "main.positions", "pk": 390, "fields": {"index": null, "lat": 42.1904502622047, "lng": 69.97607034909122, "polyline": 52}}, {"model": "main.positions", "pk": 391, "fields": {"index": null, "lat": 42.19022768499286, "lng": 69.97735780941836, "polyline": 52}}, {"model": "main.positions", "pk": 392, "fields": {"index": null, "lat": 42.18828805040235, "lng": 69.97804445492618, "polyline": 52}}, {"model": "main.positions", "pk": 393, "fields": {"index": null, "lat": 42.212892231209594, "lng": 69.93208516533109, "polyline": 53}}, {"model": "main.positions", "pk": 394, "fields": {"index": null, "lat": 42.21072242176987, "lng": 69.93092733855612, "polyline": 53}}, {"model": "main.positions", "pk": 395, "fields": {"index": null, "lat": 42.21017012910979, "lng": 69.93083077903158, "polyline": 53}}, {"model": "main.positions", "pk": 396, "fields": {"index": null, "lat": 42.209331352143224, "lng": 69.93052474027472, "polyline": 53}}, {"model": "main.positions", "pk": 397, "fields": {"index": null, "lat": 42.20882672850262, "lng": 69.93018141752081, "polyline": 53}}, {"model": "main.positions", "pk": 398, "fields": {"index": null, "lat": 42.2080444989715, "lng": 69.92969171084596, "polyline": 53}}, {"model": "main.positions", "pk": 399, "fields": {"index": null, "lat": 42.20665205545314, "lng": 69.92859581901696, "polyline": 53}}, {"model": "main.positions", "pk": 400, "fields": {"index": null, "lat": 42.205781838253415, "lng": 69.927522935411, "polyline": 53}}, {"model": "main.positions", "pk": 401, "fields": {"index": null, "lat": 42.205452026775895, "lng": 69.92680410339501, "polyline": 53}}, {"model": "main.positions", "pk": 402, "fields": {"index": null, "lat": 42.20518579215863, "lng": 69.92629984810021, "polyline": 53}}, {"model": "main.positions", "pk": 403, "fields": {"index": null, "lat": 42.20351403209419, "lng": 69.9509128910315, "polyline": 54}}, {"model": "main.positions", "pk": 404, "fields": {"index": null, "lat": 42.20280531918912, "lng": 69.95021103221484, "polyline": 54}}, {"model": "main.positions", "pk": 405, "fields": {"index": null, "lat": 42.20199823350394, "lng": 69.9492973278817, "polyline": 54}}, {"model": "main.positions", "pk": 406, "fields": {"index": null, "lat": 42.201058046952575, "lng": 69.94842629561317, "polyline": 54}}, {"model": "main.positions", "pk": 407, "fields": {"index": null, "lat": 42.200545409323254, "lng": 69.94801859984291, "polyline": 54}}, {"model": "main.positions", "pk": 408, "fields": {"index": null, "lat": 42.20126691763055, "lng": 69.96411990526387, "polyline": 55}}, {"model": "main.positions", "pk": 409, "fields": {"index": null, "lat": 42.201270891536275, "lng": 69.96475290659139, "polyline": 55}}, {"model": "main.positions", "pk": 410, "fields": {"index": null, "lat": 42.2014974037497, "lng": 69.96528934839436, "polyline": 55}}, {"model": "main.positions", "pk": 411, "fields": {"index": null, "lat": 42.20208156307899, "lng": 69.96566485765645, "polyline": 55}}, {"model": "main.positions", "pk": 412, "fields": {"index": null, "lat": 42.20254650235873, "lng": 69.96558975580403, "polyline": 55}}, {"model": "main.positions", "pk": 413, "fields": {"index": null, "lat": 42.202614057354026, "lng": 69.96534299257466, "polyline": 55}}, {"model": "main.positions", "pk": 414, "fields": {"index": null, "lat": 42.2020855369335, "lng": 69.96484946611592, "polyline": 55}}, {"model": "main.positions", "pk": 415, "fields": {"index": null, "lat": 42.20147103912048, "lng": 69.964226490778, "polyline": 55}}, {"model": "main.positions", "pk": 416, "fields": {"index": null, "lat": 42.20089482200572, "lng": 69.96379733733562, "polyline": 55}}, {"model": "main.positions", "pk": 417, "fields": {"index": null, "lat": 42.2001352919023, "lng": 69.96316447009261, "polyline": 55}}, {"model": "main.positions", "pk": 418, "fields": {"index": null, "lat": 42.199536386422444, "lng": 69.96273411679361, "polyline": 55}}, {"model": "main.positions", "pk": 419, "fields": {"index": null, "lat": 42.19888938178771, "lng": 69.96235441900221, "polyline": 55}}, {"model": "main.positions", "pk": 420, "fields": {"index": null, "lat": 42.198482079814646, "lng": 69.96181226955763, "polyline": 55}}, {"model": "main.positions", "pk": 421, "fields": {"index": null, "lat": 42.197945576602876, "lng": 69.96143676029554, "polyline": 55}}, {"model": "main.positions", "pk": 422, "fields": {"index": null, "lat": 42.19739317224028, "lng": 69.96080375896803, "polyline": 55}}, {"model": "main.positions", "pk": 423, "fields": {"index": null, "lat": 42.196681795480366, "lng": 69.96037460552564, "polyline": 55}}, {"model": "main.positions", "pk": 424, "fields": {"index": null, "lat": 42.20208923054582, "lng": 69.96747659310851, "polyline": 56}}, {"model": "main.positions", "pk": 425, "fields": {"index": null, "lat": 42.200557795502306, "lng": 69.96619986161743, "polyline": 56}}, {"model": "main.positions", "pk": 426, "fields": {"index": null, "lat": 42.19950774565675, "lng": 69.96528013991811, "polyline": 56}}, {"model": "main.positions", "pk": 427, "fields": {"index": null, "lat": 42.199321960166316, "lng": 69.96552872700906, "polyline": 56}}, {"model": "main.positions", "pk": 428, "fields": {"index": null, "lat": 42.19630845928622, "lng": 69.96331967314039, "polyline": 56}}, {"model": "main.positions", "pk": 429, "fields": {"index": null, "lat": 42.19589513929494, "lng": 69.96413506468092, "polyline": 56}}, {"model": "main.positions", "pk": 430, "fields": {"index": null, "lat": 42.19563681292768, "lng": 69.96459640463148, "polyline": 56}}, {"model": "main.positions", "pk": 431, "fields": {"index": null, "lat": 42.19506849120282, "lng": 69.96404923399244, "polyline": 56}}, {"model": "main.positions", "pk": 432, "fields": {"index": null, "lat": 42.19920915626653, "lng": 69.93868960012303, "polyline": 57}}, {"model": "main.positions", "pk": 433, "fields": {"index": null, "lat": 42.199821154734394, "lng": 69.94216574300633, "polyline": 57}}, {"model": "main.positions", "pk": 434, "fields": {"index": null, "lat": 42.200353668059165, "lng": 69.94420422185765, "polyline": 57}}, {"model": "main.positions", "pk": 435, "fields": {"index": null, "lat": 42.200520574296924, "lng": 69.94699371923313, "polyline": 57}}, {"model": "main.positions", "pk": 436, "fields": {"index": null, "lat": 42.20013112572303, "lng": 69.94943989385472, "polyline": 57}}, {"model": "main.positions", "pk": 437, "fields": {"index": null, "lat": 42.199535026318415, "lng": 69.95203627218113, "polyline": 57}}, {"model": "main.positions", "pk": 445, "fields": {"index": null, "lat": 42.19051033764799, "lng": 69.97412829330624, "polyline": 59}}, {"model": "main.positions", "pk": 446, "fields": {"index": null, "lat": 42.19405556562674, "lng": 69.96623186996639, "polyline": 59}}, {"model": "main.positions", "pk": 447, "fields": {"index": null, "lat": 42.19747342225708, "lng": 69.9579492085284, "polyline": 59}}, {"model": "main.positions", "pk": 448, "fields": {"index": null, "lat": 42.20171829165747, "lng": 69.92921604725989, "polyline": 60}}, {"model": "main.positions", "pk": 449, "fields": {"index": null, "lat": 42.20129705924199, "lng": 69.9297954044071, "polyline": 60}}, {"model": "main.positions", "pk": 450, "fields": {"index": null, "lat": 42.20106657239202, "lng": 69.9304605922428, "polyline": 60}}, {"model": "main.positions", "pk": 451, "fields": {"index": null, "lat": 42.199620049517364, "lng": 69.93183388325842, "polyline": 60}}, {"model": "main.positions", "pk": 452, "fields": {"index": null, "lat": 42.198520544187815, "lng": 69.9327973975684, "polyline": 60}}, {"model": "main.positions", "pk": 453, "fields": {"index": null, "lat": 42.198684747400236, "lng": 69.93491265836371, "polyline": 60}}, {"model": "main.positions", "pk": 454, "fields": {"index": null, "lat": 42.19906906957627, "lng": 69.93750703644457, "polyline": 60}}, {"model": "main.positions", "pk": 455, "fields": {"index": null, "lat": 42.19961850030007, "lng": 69.94055046431049, "polyline": 60}}, {"model": "main.positions", "pk": 456, "fields": {"index": null, "lat": 42.20035828130514, "lng": 69.94400122031267, "polyline": 60}}, {"model": "main.positions", "pk": 457, "fields": {"index": null, "lat": 42.20052580708558, "lng": 69.94745197631485, "polyline": 60}}, {"model": "main.positions", "pk": 458, "fields": {"index": null, "lat": 42.199381298410884, "lng": 69.95256376375839, "polyline": 60}}, {"model": "main.positions", "pk": 459, "fields": {"index": null, "lat": 42.1981413906201, "lng": 69.95632221107456, "polyline": 60}}, {"model": "main.positions", "pk": 460, "fields": {"index": null, "lat": 42.19604726402511, "lng": 69.96225526972174, "polyline": 60}}, {"model": "main.positions", "pk": 461, "fields": {"index": null, "lat": 42.19363088348924, "lng": 69.96740511103033, "polyline": 60}}, {"model": "main.positions", "pk": 462, "fields": {"index": null, "lat": 42.19102363245309, "lng": 69.97332742853521, "polyline": 60}}, {"model": "main.positions", "pk": 463, "fields": {"index": null, "lat": 42.212476352870674, "lng": 69.93832589082547, "polyline": 61}}, {"model": "main.positions", "pk": 464, "fields": {"index": null, "lat": 42.21041025466924, "lng": 69.93532181672879, "polyline": 61}}, {"model": "main.positions", "pk": 465, "fields": {"index": null, "lat": 42.20745402741267, "lng": 69.93180275850125, "polyline": 61}}, {"model": "main.positions", "pk": 466, "fields": {"index": null, "lat": 42.20449766180844, "lng": 69.92978573732205, "polyline": 61}}, {"model": "main.positions", "pk": 467, "fields": {"index": null, "lat": 42.20360754614272, "lng": 69.92918492250271, "polyline": 61}}, {"model": "main.positions", "pk": 468, "fields": {"index": null, "lat": 42.21090761763816, "lng": 69.96081818732054, "polyline": 62}}, {"model": "main.positions", "pk": 469, "fields": {"index": null, "lat": 42.20734744098693, "lng": 69.96236313971312, "polyline": 62}}, {"model": "main.positions", "pk": 470, "fields": {"index": null, "lat": 42.20168889024431, "lng": 69.96588219794066, "polyline": 62}}, {"model": "main.positions", "pk": 471, "fields": {"index": null, "lat": 42.19889121727215, "lng": 69.9694012561682, "polyline": 62}}, {"model": "main.positions", "pk": 472, "fields": {"index": null, "lat": 42.19488524259505, "lng": 69.97257699164183, "polyline": 62}}, {"model": "main.positions", "pk": 473, "fields": {"index": null, "lat": 42.20473836635174, "lng": 69.94221363823902, "polyline": 63}}, {"model": "main.positions", "pk": 474, "fields": {"index": null, "lat": 42.20744041607991, "lng": 69.94272862236988, "polyline": 63}}, {"model": "main.positions", "pk": 475, "fields": {"index": null, "lat": 42.21115951903612, "lng": 69.94753514092457, "polyline": 63}}, {"model": "main.positions", "pk": 476, "fields": {"index": null, "lat": 42.205850989059634, "lng": 69.95397244256031, "polyline": 63}}, {"model": "main.positions", "pk": 477, "fields": {"index": null, "lat": 42.199461088940346, "lng": 69.95131169121754, "polyline": 63}}, {"model": "main.positions", "pk": 478, "fields": {"index": null, "lat": 42.19828476824164, "lng": 69.94178448479664, "polyline": 63}}, {"model": "main.positions", "pk": 479, "fields": {"index": null, "lat": 42.203085290718, "lng": 69.9379221038152, "polyline": 63}}]